reference_date,location,target,horizon,target_end_date,output_type,output_type_id,value
2016-11-26,HHS Region 1,ili perc,1,2016-12-03,quantile,0.01,0.10017595668665284
2016-11-26,HHS Region 1,ili perc,1,2016-12-03,quantile,0.025,0.23808501090617404
2016-11-26,HHS Region 1,ili perc,1,2016-12-03,quantile,0.05,0.3566944056834056
2016-11-26,HHS Region 1,ili perc,1,2016-12-03,quantile,0.1,0.4934434416546405
2016-11-26,HHS Region 1,ili perc,1,2016-12-03,quantile,0.15000000000000002,0.5857073670069283
2016-11-26,HHS Region 1,ili perc,1,2016-12-03,quantile,0.2,0.6590358100509723
2016-11-26,HHS Region 1,ili perc,1,2016-12-03,quantile,0.25,0.7219450848943879
2016-11-26,HHS Region 1,ili perc,1,2016-12-03,quantile,0.3,0.7784395579966513
2016-11-26,HHS Region 1,ili perc,1,2016-12-03,quantile,0.35000000000000003,0.8307901066854584
2016-11-26,HHS Region 1,ili perc,1,2016-12-03,quantile,0.4,0.8804656580198184
2016-11-26,HHS Region 1,ili perc,1,2016-12-03,quantile,0.45,0.9285273288262836
2016-11-26,HHS Region 1,ili perc,1,2016-12-03,quantile,0.5,0.975827
2016-11-26,HHS Region 1,ili perc,1,2016-12-03,quantile,0.55,1.0231266711737164
2016-11-26,HHS Region 1,ili perc,1,2016-12-03,quantile,0.6000000000000001,1.0711883419801818
2016-11-26,HHS Region 1,ili perc,1,2016-12-03,quantile,0.6500000000000001,1.1208638933145418
2016-11-26,HHS Region 1,ili perc,1,2016-12-03,quantile,0.7000000000000001,1.1732144420033488
2016-11-26,HHS Region 1,ili perc,1,2016-12-03,quantile,0.7500000000000001,1.2297089151056122
2016-11-26,HHS Region 1,ili perc,1,2016-12-03,quantile,0.8,1.2926181899490277
2016-11-26,HHS Region 1,ili perc,1,2016-12-03,quantile,0.8500000000000001,1.3659466329930718
2016-11-26,HHS Region 1,ili perc,1,2016-12-03,quantile,0.9000000000000001,1.4582105583453597
2016-11-26,HHS Region 1,ili perc,1,2016-12-03,quantile,0.95,1.5949595943165942
2016-11-26,HHS Region 1,ili perc,1,2016-12-03,quantile,0.975,1.7135689890938257
2016-11-26,HHS Region 1,ili perc,1,2016-12-03,quantile,0.99,1.851478043313347
2016-11-26,HHS Region 1,ili perc,2,2016-12-10,quantile,0.01,-0.26253058135988616
2016-11-26,HHS Region 1,ili perc,2,2016-12-10,quantile,0.025,-0.06749772650859276
2016-11-26,HHS Region 1,ili perc,2,2016-12-10,quantile,0.05,0.10024128821023266
2016-11-26,HHS Region 1,ili perc,2,2016-12-10,quantile,0.1,0.29363362952219935
2016-11-26,HHS Region 1,ili perc,2,2016-12-10,quantile,0.15000000000000002,0.4241145240731836
2016-11-26,HHS Region 1,ili perc,2,2016-12-10,quantile,0.2,0.5278166027337738
2016-11-26,HHS Region 1,ili perc,2,2016-12-10,quantile,0.25,0.6167837524163886
2016-11-26,HHS Region 1,ili perc,2,2016-12-10,quantile,0.3,0.6966790024767314
2016-11-26,HHS Region 1,ili perc,2,2016-12-10,quantile,0.35000000000000003,0.7707138584301156
2016-11-26,HHS Region 1,ili perc,2,2016-12-10,quantile,0.4,0.8409656968455282
2016-11-26,HHS Region 1,ili perc,2,2016-12-10,quantile,0.45,0.9089351635303425
2016-11-26,HHS Region 1,ili perc,2,2016-12-10,quantile,0.5,0.975827
2016-11-26,HHS Region 1,ili perc,2,2016-12-10,quantile,0.55,1.0427188364696576
2016-11-26,HHS Region 1,ili perc,2,2016-12-10,quantile,0.6000000000000001,1.1106883031544719
2016-11-26,HHS Region 1,ili perc,2,2016-12-10,quantile,0.6500000000000001,1.1809401415698846
2016-11-26,HHS Region 1,ili perc,2,2016-12-10,quantile,0.7000000000000001,1.2549749975232687
2016-11-26,HHS Region 1,ili perc,2,2016-12-10,quantile,0.7500000000000001,1.3348702475836114
2016-11-26,HHS Region 1,ili perc,2,2016-12-10,quantile,0.8,1.4238373972662264
2016-11-26,HHS Region 1,ili perc,2,2016-12-10,quantile,0.8500000000000001,1.5275394759268166
2016-11-26,HHS Region 1,ili perc,2,2016-12-10,quantile,0.9000000000000001,1.658020370477801
2016-11-26,HHS Region 1,ili perc,2,2016-12-10,quantile,0.95,1.851412711789767
2016-11-26,HHS Region 1,ili perc,2,2016-12-10,quantile,0.975,2.0191517265085923
2016-11-26,HHS Region 1,ili perc,2,2016-12-10,quantile,0.99,2.214184581359886
2016-11-26,HHS Region 1,ili perc,3,2016-12-17,quantile,0.01,-0.5408450967194129
2016-11-26,HHS Region 1,ili perc,3,2016-12-17,quantile,0.025,-0.3019796079874312
2016-11-26,HHS Region 1,ili perc,3,2016-12-17,quantile,0.05,-0.09654210997827148
2016-11-26,HHS Region 1,ili perc,3,2016-12-17,quantile,0.1,0.14031416820997142
2016-11-26,HHS Region 1,ili perc,3,2016-12-17,quantile,0.15000000000000002,0.30011997462587614
2016-11-26,HHS Region 1,ili perc,3,2016-12-17,quantile,0.2,0.4271285636180811
2016-11-26,HHS Region 1,ili perc,3,2016-12-17,quantile,0.25,0.5360906239141915
2016-11-26,HHS Region 1,ili perc,3,2016-12-17,quantile,0.3,0.6339419216741449
2016-11-26,HHS Region 1,ili perc,3,2016-12-17,quantile,0.35000000000000003,0.7246157318072671
2016-11-26,HHS Region 1,ili perc,3,2016-12-17,quantile,0.4,0.8106563106123744
2016-11-26,HHS Region 1,ili perc,3,2016-12-17,quantile,0.45,0.8939015663458222
2016-11-26,HHS Region 1,ili perc,3,2016-12-17,quantile,0.5,0.975827
2016-11-26,HHS Region 1,ili perc,3,2016-12-17,quantile,0.55,1.057752433654178
2016-11-26,HHS Region 1,ili perc,3,2016-12-17,quantile,0.6000000000000001,1.1409976893876257
2016-11-26,HHS Region 1,ili perc,3,2016-12-17,quantile,0.6500000000000001,1.2270382681927332
2016-11-26,HHS Region 1,ili perc,3,2016-12-17,quantile,0.7000000000000001,1.3177120783258551
2016-11-26,HHS Region 1,ili perc,3,2016-12-17,quantile,0.7500000000000001,1.4155633760858086
2016-11-26,HHS Region 1,ili perc,3,2016-12-17,quantile,0.8,1.524525436381919
2016-11-26,HHS Region 1,ili perc,3,2016-12-17,quantile,0.8500000000000001,1.6515340253741242
2016-11-26,HHS Region 1,ili perc,3,2016-12-17,quantile,0.9000000000000001,1.811339831790029
2016-11-26,HHS Region 1,ili perc,3,2016-12-17,quantile,0.95,2.048196109978271
2016-11-26,HHS Region 1,ili perc,3,2016-12-17,quantile,0.975,2.253633607987431
2016-11-26,HHS Region 1,ili perc,3,2016-12-17,quantile,0.99,2.492499096719413
2016-11-26,HHS Region 1,ili perc,4,2016-12-24,quantile,0.01,-0.7754750866266943
2016-11-26,HHS Region 1,ili perc,4,2016-12-24,quantile,0.025,-0.4996569781876519
2016-11-26,HHS Region 1,ili perc,4,2016-12-24,quantile,0.05,-0.26243818863318885
2016-11-26,HHS Region 1,ili perc,4,2016-12-24,quantile,0.1,0.011059883309281027
2016-11-26,HHS Region 1,ili perc,4,2016-12-24,quantile,0.15000000000000002,0.19558773401385662
2016-11-26,HHS Region 1,ili perc,4,2016-12-24,quantile,0.2,0.3422446201019448
2016-11-26,HHS Region 1,ili perc,4,2016-12-24,quantile,0.25,0.4680631697887759
2016-11-26,HHS Region 1,ili perc,4,2016-12-24,quantile,0.3,0.5810521159933025
2016-11-26,HHS Region 1,ili perc,4,2016-12-24,quantile,0.35000000000000003,0.6857532133709169
2016-11-26,HHS Region 1,ili perc,4,2016-12-24,quantile,0.4,0.7851043160396366
2016-11-26,HHS Region 1,ili perc,4,2016-12-24,quantile,0.45,0.8812276576525673
2016-11-26,HHS Region 1,ili perc,4,2016-12-24,quantile,0.5,0.975827
2016-11-26,HHS Region 1,ili perc,4,2016-12-24,quantile,0.55,1.070426342347433
2016-11-26,HHS Region 1,ili perc,4,2016-12-24,quantile,0.6000000000000001,1.1665496839603635
2016-11-26,HHS Region 1,ili perc,4,2016-12-24,quantile,0.6500000000000001,1.2659007866290835
2016-11-26,HHS Region 1,ili perc,4,2016-12-24,quantile,0.7000000000000001,1.3706018840066976
2016-11-26,HHS Region 1,ili perc,4,2016-12-24,quantile,0.7500000000000001,1.4835908302112244
2016-11-26,HHS Region 1,ili perc,4,2016-12-24,quantile,0.8,1.6094093798980553
2016-11-26,HHS Region 1,ili perc,4,2016-12-24,quantile,0.8500000000000001,1.7560662659861437
2016-11-26,HHS Region 1,ili perc,4,2016-12-24,quantile,0.9000000000000001,1.9405941166907195
2016-11-26,HHS Region 1,ili perc,4,2016-12-24,quantile,0.95,2.214092188633188
2016-11-26,HHS Region 1,ili perc,4,2016-12-24,quantile,0.975,2.4513109781876516
2016-11-26,HHS Region 1,ili perc,4,2016-12-24,quantile,0.99,2.7271290866266944
2016-11-26,HHS Region 10,ili perc,1,2016-12-03,quantile,0.01,-0.610493850141198
2016-11-26,HHS Region 10,ili perc,1,2016-12-03,quantile,0.025,-0.3900067501432866
2016-11-26,HHS Region 10,ili perc,1,2016-12-03,quantile,0.05,-0.20037568034194375
2016-11-26,HHS Region 10,ili perc,1,2016-12-03,quantile,0.1,0.018256798427819947
2016-11-26,HHS Region 10,ili perc,1,2016-12-03,quantile,0.15000000000000002,0.1657670938937585
2016-11-26,HHS Region 10,ili perc,1,2016-12-03,quantile,0.2,0.2830036005585595
2016-11-26,HHS Region 10,ili perc,1,2016-12-03,quantile,0.25,0.38358208434046653
2016-11-26,HHS Region 10,ili perc,1,2016-12-03,quantile,0.3,0.4739046712853406
2016-11-26,HHS Region 10,ili perc,1,2016-12-03,quantile,0.35000000000000003,0.557602008846087
2016-11-26,HHS Region 10,ili perc,1,2016-12-03,quantile,0.4,0.63702259741075
2016-11-26,HHS Region 10,ili perc,1,2016-12-03,quantile,0.45,0.713862935974045
2016-11-26,HHS Region 10,ili perc,1,2016-12-03,quantile,0.5,0.789485
2016-11-26,HHS Region 10,ili perc,1,2016-12-03,quantile,0.55,0.865107064025955
2016-11-26,HHS Region 10,ili perc,1,2016-12-03,quantile,0.6000000000000001,0.9419474025892501
2016-11-26,HHS Region 10,ili perc,1,2016-12-03,quantile,0.6500000000000001,1.0213679911539133
2016-11-26,HHS Region 10,ili perc,1,2016-12-03,quantile,0.7000000000000001,1.1050653287146595
2016-11-26,HHS Region 10,ili perc,1,2016-12-03,quantile,0.7500000000000001,1.1953879156595335
2016-11-26,HHS Region 10,ili perc,1,2016-12-03,quantile,0.8,1.2959663994414405
2016-11-26,HHS Region 10,ili perc,1,2016-12-03,quantile,0.8500000000000001,1.4132029061062417
2016-11-26,HHS Region 10,ili perc,1,2016-12-03,quantile,0.9000000000000001,1.5607132015721805
2016-11-26,HHS Region 10,ili perc,1,2016-12-03,quantile,0.95,1.7793456803419434
2016-11-26,HHS Region 10,ili perc,1,2016-12-03,quantile,0.975,1.9689767501432862
2016-11-26,HHS Region 10,ili perc,1,2016-12-03,quantile,0.99,2.189463850141198
2016-11-26,HHS Region 10,ili perc,2,2016-12-10,quantile,0.01,-1.190384076905173
2016-11-26,HHS Region 10,ili perc,2,2016-12-10,quantile,0.025,-0.8785682297598139
2016-11-26,HHS Region 10,ili perc,2,2016-12-10,quantile,0.05,-0.6103893989994357
2016-11-26,HHS Region 10,ili perc,2,2016-12-10,quantile,0.1,-0.3011963823479881
2016-11-26,HHS Region 10,ili perc,2,2016-12-10,quantile,0.15000000000000002,-0.0925853219103954
2016-11-26,HHS Region 10,ili perc,2,2016-12-10,quantile,0.2,0.07321213582020991
2016-11-26,HHS Region 10,ili perc,2,2016-12-10,quantile,0.25,0.21545159166750527
2016-11-26,HHS Region 10,ili perc,2,2016-12-10,quantile,0.3,0.3431870191135692
2016-11-26,HHS Region 10,ili perc,2,2016-12-10,quantile,0.35000000000000003,0.46155292902649586
2016-11-26,HHS Region 10,ili perc,2,2016-12-10,quantile,0.4,0.5738706025062958
2016-11-26,HHS Region 10,ili perc,2,2016-12-10,quantile,0.45,0.682539251439848
2016-11-26,HHS Region 10,ili perc,2,2016-12-10,quantile,0.5,0.789485
2016-11-26,HHS Region 10,ili perc,2,2016-12-10,quantile,0.55,0.8964307485601521
2016-11-26,HHS Region 10,ili perc,2,2016-12-10,quantile,0.6000000000000001,1.0050993974937044
2016-11-26,HHS Region 10,ili perc,2,2016-12-10,quantile,0.6500000000000001,1.1174170709735045
2016-11-26,HHS Region 10,ili perc,2,2016-12-10,quantile,0.7000000000000001,1.235782980886431
2016-11-26,HHS Region 10,ili perc,2,2016-12-10,quantile,0.7500000000000001,1.363518408332495
2016-11-26,HHS Region 10,ili perc,2,2016-12-10,quantile,0.8,1.5057578641797902
2016-11-26,HHS Region 10,ili perc,2,2016-12-10,quantile,0.8500000000000001,1.6715553219103958
2016-11-26,HHS Region 10,ili perc,2,2016-12-10,quantile,0.9000000000000001,1.8801663823479886
2016-11-26,HHS Region 10,ili perc,2,2016-12-10,quantile,0.95,2.1893593989994353
2016-11-26,HHS Region 10,ili perc,2,2016-12-10,quantile,0.975,2.4575382297598134
2016-11-26,HHS Region 10,ili perc,2,2016-12-10,quantile,0.99,2.7693540769051728
2016-11-26,HHS Region 10,ili perc,3,2016-12-17,quantile,0.01,-1.63534949796641
2016-11-26,HHS Region 10,ili perc,3,2016-12-17,quantile,0.025,-1.253454638356508
2016-11-26,HHS Region 10,ili perc,3,2016-12-17,quantile,0.05,-0.9250039907669418
2016-11-26,HHS Region 10,ili perc,3,2016-12-17,quantile,0.1,-0.5463214293529872
2016-11-26,HHS Region 10,ili perc,3,2016-12-17,quantile,0.15000000000000002,-0.2908261029664847
2016-11-26,HHS Region 10,ili perc,3,2016-12-17,quantile,0.2,-0.08776651692116211
2016-11-26,HHS Region 10,ili perc,3,2016-12-17,quantile,0.25,0.08644052713734324
2016-11-26,HHS Region 10,ili perc,3,2016-12-17,quantile,0.3,0.24288383679692244
2016-11-26,HHS Region 10,ili perc,3,2016-12-17,quantile,0.35000000000000003,0.3878518779103783
2016-11-26,HHS Region 10,ili perc,3,2016-12-17,quantile,0.4,0.5254123724713983
2016-11-26,HHS Region 10,ili perc,3,2016-12-17,quantile,0.45,0.6585037429338193
2016-11-26,HHS Region 10,ili perc,3,2016-12-17,quantile,0.5,0.789485
2016-11-26,HHS Region 10,ili perc,3,2016-12-17,quantile,0.55,0.9204662570661808
2016-11-26,HHS Region 10,ili perc,3,2016-12-17,quantile,0.6000000000000001,1.053557627528602
2016-11-26,HHS Region 10,ili perc,3,2016-12-17,quantile,0.6500000000000001,1.191118122089622
2016-11-26,HHS Region 10,ili perc,3,2016-12-17,quantile,0.7000000000000001,1.3360861632030776
2016-11-26,HHS Region 10,ili perc,3,2016-12-17,quantile,0.7500000000000001,1.492529472862657
2016-11-26,HHS Region 10,ili perc,3,2016-12-17,quantile,0.8,1.6667365169211623
2016-11-26,HHS Region 10,ili perc,3,2016-12-17,quantile,0.8500000000000001,1.8697961029664851
2016-11-26,HHS Region 10,ili perc,3,2016-12-17,quantile,0.9000000000000001,2.125291429352988
2016-11-26,HHS Region 10,ili perc,3,2016-12-17,quantile,0.95,2.503973990766941
2016-11-26,HHS Region 10,ili perc,3,2016-12-17,quantile,0.975,2.8324246383565073
2016-11-26,HHS Region 10,ili perc,3,2016-12-17,quantile,0.99,3.21431949796641
2016-11-26,HHS Region 10,ili perc,4,2016-12-24,quantile,0.01,-2.010472700282396
2016-11-26,HHS Region 10,ili perc,4,2016-12-24,quantile,0.025,-1.5694985002865731
2016-11-26,HHS Region 10,ili perc,4,2016-12-24,quantile,0.05,-1.1902363606838875
2016-11-26,HHS Region 10,ili perc,4,2016-12-24,quantile,0.1,-0.7529714031443601
2016-11-26,HHS Region 10,ili perc,4,2016-12-24,quantile,0.15000000000000002,-0.457950812212483
2016-11-26,HHS Region 10,ili perc,4,2016-12-24,quantile,0.2,-0.22347779888288102
2016-11-26,HHS Region 10,ili perc,4,2016-12-24,quantile,0.25,-0.022320831319066908
2016-11-26,HHS Region 10,ili perc,4,2016-12-24,quantile,0.3,0.15832434257068118
2016-11-26,HHS Region 10,ili perc,4,2016-12-24,quantile,0.35000000000000003,0.3257190176921741
2016-11-26,HHS Region 10,ili perc,4,2016-12-24,quantile,0.4,0.48456019482150003
2016-11-26,HHS Region 10,ili perc,4,2016-12-24,quantile,0.45,0.63824087194809
2016-11-26,HHS Region 10,ili perc,4,2016-12-24,quantile,0.5,0.789485
2016-11-26,HHS Region 10,ili perc,4,2016-12-24,quantile,0.55,0.9407291280519101
2016-11-26,HHS Region 10,ili perc,4,2016-12-24,quantile,0.6000000000000001,1.0944098051785003
2016-11-26,HHS Region 10,ili perc,4,2016-12-24,quantile,0.6500000000000001,1.2532509823078264
2016-11-26,HHS Region 10,ili perc,4,2016-12-24,quantile,0.7000000000000001,1.420645657429319
2016-11-26,HHS Region 10,ili perc,4,2016-12-24,quantile,0.7500000000000001,1.6012908313190672
2016-11-26,HHS Region 10,ili perc,4,2016-12-24,quantile,0.8,1.8024477988828813
2016-11-26,HHS Region 10,ili perc,4,2016-12-24,quantile,0.8500000000000001,2.0369208122124833
2016-11-26,HHS Region 10,ili perc,4,2016-12-24,quantile,0.9000000000000001,2.331941403144361
2016-11-26,HHS Region 10,ili perc,4,2016-12-24,quantile,0.95,2.769206360683887
2016-11-26,HHS Region 10,ili perc,4,2016-12-24,quantile,0.975,3.1484685002865724
2016-11-26,HHS Region 10,ili perc,4,2016-12-24,quantile,0.99,3.589442700282396
2016-11-26,HHS Region 2,ili perc,1,2016-12-03,quantile,0.01,2.223424721208568
2016-11-26,HHS Region 2,ili perc,1,2016-12-03,quantile,0.025,2.3864357031196417
2016-11-26,HHS Region 2,ili perc,1,2016-12-03,quantile,0.05,2.5266341405314314
2016-11-26,HHS Region 2,ili perc,1,2016-12-03,quantile,0.1,2.688273960014062
2016-11-26,HHS Region 2,ili perc,1,2016-12-03,quantile,0.15000000000000002,2.797331578832229
2016-11-26,HHS Region 2,ili perc,1,2016-12-03,quantile,0.2,2.884007117072037
2016-11-26,HHS Region 2,ili perc,1,2016-12-03,quantile,0.25,2.958367011145527
2016-11-26,HHS Region 2,ili perc,1,2016-12-03,quantile,0.3,3.025144494212662
2016-11-26,HHS Region 2,ili perc,1,2016-12-03,quantile,0.35000000000000003,3.0870237841087564
2016-11-26,HHS Region 2,ili perc,1,2016-12-03,quantile,0.4,3.145741179031197
2016-11-26,HHS Region 2,ili perc,1,2016-12-03,quantile,0.45,3.2025509381495345
2016-11-26,HHS Region 2,ili perc,1,2016-12-03,quantile,0.5,3.25846
2016-11-26,HHS Region 2,ili perc,1,2016-12-03,quantile,0.55,3.3143690618504653
2016-11-26,HHS Region 2,ili perc,1,2016-12-03,quantile,0.6000000000000001,3.3711788209688027
2016-11-26,HHS Region 2,ili perc,1,2016-12-03,quantile,0.6500000000000001,3.429896215891244
2016-11-26,HHS Region 2,ili perc,1,2016-12-03,quantile,0.7000000000000001,3.491775505787338
2016-11-26,HHS Region 2,ili perc,1,2016-12-03,quantile,0.7500000000000001,3.5585529888544727
2016-11-26,HHS Region 2,ili perc,1,2016-12-03,quantile,0.8,3.632912882927963
2016-11-26,HHS Region 2,ili perc,1,2016-12-03,quantile,0.8500000000000001,3.7195884211677708
2016-11-26,HHS Region 2,ili perc,1,2016-12-03,quantile,0.9000000000000001,3.8286460399859377
2016-11-26,HHS Region 2,ili perc,1,2016-12-03,quantile,0.95,3.990285859468568
2016-11-26,HHS Region 2,ili perc,1,2016-12-03,quantile,0.975,4.130484296880358
2016-11-26,HHS Region 2,ili perc,1,2016-12-03,quantile,0.99,4.293495278791432
2016-11-26,HHS Region 2,ili perc,2,2016-12-10,quantile,0.01,1.7946990711985393
2016-11-26,HHS Region 2,ili perc,2,2016-12-10,quantile,0.025,2.025231412632935
2016-11-26,HHS Region 2,ili perc,2,2016-12-10,quantile,0.05,2.223501944244204
2016-11-26,HHS Region 2,ili perc,2,2016-12-10,quantile,0.1,2.4520951691760793
2016-11-26,HHS Region 2,ili perc,2,2016-12-10,quantile,0.15000000000000002,2.6063259327888457
2016-11-26,HHS Region 2,ili perc,2,2016-12-10,quantile,0.2,2.7289036544935703
2016-11-26,HHS Region 2,ili perc,2,2016-12-10,quantile,0.25,2.8340644251889264
2016-11-26,HHS Region 2,ili perc,2,2016-12-10,quantile,0.3,2.9285020474036085
2016-11-26,HHS Region 2,ili perc,2,2016-12-10,quantile,0.35000000000000003,3.0160125784046814
2016-11-26,HHS Region 2,ili perc,2,2016-12-10,quantile,0.4,3.0990515146512143
2016-11-26,HHS Region 2,ili perc,2,2016-12-10,quantile,0.45,3.1793926464715154
2016-11-26,HHS Region 2,ili perc,2,2016-12-10,quantile,0.5,3.25846
2016-11-26,HHS Region 2,ili perc,2,2016-12-10,quantile,0.55,3.3375273535284844
2016-11-26,HHS Region 2,ili perc,2,2016-12-10,quantile,0.6000000000000001,3.4178684853487855
2016-11-26,HHS Region 2,ili perc,2,2016-12-10,quantile,0.6500000000000001,3.500907421595319
2016-11-26,HHS Region 2,ili perc,2,2016-12-10,quantile,0.7000000000000001,3.5884179525963913
2016-11-26,HHS Region 2,ili perc,2,2016-12-10,quantile,0.7500000000000001,3.682855574811074
2016-11-26,HHS Region 2,ili perc,2,2016-12-10,quantile,0.8,3.78801634550643
2016-11-26,HHS Region 2,ili perc,2,2016-12-10,quantile,0.8500000000000001,3.910594067211154
2016-11-26,HHS Region 2,ili perc,2,2016-12-10,quantile,0.9000000000000001,4.064824830823921
2016-11-26,HHS Region 2,ili perc,2,2016-12-10,quantile,0.95,4.2934180557557955
2016-11-26,HHS Region 2,ili perc,2,2016-12-10,quantile,0.975,4.491688587367064
2016-11-26,HHS Region 2,ili perc,2,2016-12-10,quantile,0.99,4.722220928801461
2016-11-26,HHS Region 2,ili perc,3,2016-12-17,quantile,0.01,1.465726309507022
2016-11-26,HHS Region 2,ili perc,3,2016-12-17,quantile,0.025,1.748069612368693
2016-11-26,HHS Region 2,ili perc,3,2016-12-17,quantile,0.05,1.9909004291076784
2016-11-26,HHS Region 2,ili perc,3,2016-12-17,quantile,0.1,2.2708688089778564
2016-11-26,HHS Region 2,ili perc,3,2016-12-17,quantile,0.15000000000000002,2.459762145723401
2016-11-26,HHS Region 2,ili perc,3,2016-12-17,quantile,0.2,2.6098885817281277
2016-11-26,HHS Region 2,ili perc,3,2016-12-17,quantile,0.25,2.738683696308852
2016-11-26,HHS Region 2,ili perc,3,2016-12-17,quantile,0.3,2.8543456897827
2016-11-26,HHS Region 2,ili perc,3,2016-12-17,quantile,0.35000000000000003,2.961523763819019
2016-11-26,HHS Region 2,ili perc,3,2016-12-17,quantile,0.4,3.0632252751127735
2016-11-26,HHS Region 2,ili perc,3,2016-12-17,quantile,0.45,3.1616226642714826
2016-11-26,HHS Region 2,ili perc,3,2016-12-17,quantile,0.5,3.25846
2016-11-26,HHS Region 2,ili perc,3,2016-12-17,quantile,0.55,3.355297335728517
2016-11-26,HHS Region 2,ili perc,3,2016-12-17,quantile,0.6000000000000001,3.4536947248872263
2016-11-26,HHS Region 2,ili perc,3,2016-12-17,quantile,0.6500000000000001,3.555396236180981
2016-11-26,HHS Region 2,ili perc,3,2016-12-17,quantile,0.7000000000000001,3.6625743102172996
2016-11-26,HHS Region 2,ili perc,3,2016-12-17,quantile,0.7500000000000001,3.778236303691148
2016-11-26,HHS Region 2,ili perc,3,2016-12-17,quantile,0.8,3.907031418271872
2016-11-26,HHS Region 2,ili perc,3,2016-12-17,quantile,0.8500000000000001,4.057157854276599
2016-11-26,HHS Region 2,ili perc,3,2016-12-17,quantile,0.9000000000000001,4.2460511910221435
2016-11-26,HHS Region 2,ili perc,3,2016-12-17,quantile,0.95,4.526019570892321
2016-11-26,HHS Region 2,ili perc,3,2016-12-17,quantile,0.975,4.768850387631306
2016-11-26,HHS Region 2,ili perc,3,2016-12-17,quantile,0.99,5.051193690492978
2016-11-26,HHS Region 2,ili perc,4,2016-12-24,quantile,0.01,1.188389442417136
2016-11-26,HHS Region 2,ili perc,4,2016-12-24,quantile,0.025,1.5144114062392833
2016-11-26,HHS Region 2,ili perc,4,2016-12-24,quantile,0.05,1.7948082810628632
2016-11-26,HHS Region 2,ili perc,4,2016-12-24,quantile,0.1,2.118087920028125
2016-11-26,HHS Region 2,ili perc,4,2016-12-24,quantile,0.15000000000000002,2.336203157664458
2016-11-26,HHS Region 2,ili perc,4,2016-12-24,quantile,0.2,2.5095542341440744
2016-11-26,HHS Region 2,ili perc,4,2016-12-24,quantile,0.25,2.658274022291054
2016-11-26,HHS Region 2,ili perc,4,2016-12-24,quantile,0.3,2.7918289884253245
2016-11-26,HHS Region 2,ili perc,4,2016-12-24,quantile,0.35000000000000003,2.9155875682175125
2016-11-26,HHS Region 2,ili perc,4,2016-12-24,quantile,0.4,3.0330223580623947
2016-11-26,HHS Region 2,ili perc,4,2016-12-24,quantile,0.45,3.1466418762990687
2016-11-26,HHS Region 2,ili perc,4,2016-12-24,quantile,0.5,3.25846
2016-11-26,HHS Region 2,ili perc,4,2016-12-24,quantile,0.55,3.370278123700931
2016-11-26,HHS Region 2,ili perc,4,2016-12-24,quantile,0.6000000000000001,3.4838976419376055
2016-11-26,HHS Region 2,ili perc,4,2016-12-24,quantile,0.6500000000000001,3.6013324317824877
2016-11-26,HHS Region 2,ili perc,4,2016-12-24,quantile,0.7000000000000001,3.725091011574676
2016-11-26,HHS Region 2,ili perc,4,2016-12-24,quantile,0.7500000000000001,3.858645977708946
2016-11-26,HHS Region 2,ili perc,4,2016-12-24,quantile,0.8,4.007365765855925
2016-11-26,HHS Region 2,ili perc,4,2016-12-24,quantile,0.8500000000000001,4.180716842335542
2016-11-26,HHS Region 2,ili perc,4,2016-12-24,quantile,0.9000000000000001,4.398832079971876
2016-11-26,HHS Region 2,ili perc,4,2016-12-24,quantile,0.95,4.722111718937136
2016-11-26,HHS Region 2,ili perc,4,2016-12-24,quantile,0.975,5.002508593760716
2016-11-26,HHS Region 2,ili perc,4,2016-12-24,quantile,0.99,5.328530557582864
2016-11-26,HHS Region 3,ili perc,1,2016-12-03,quantile,0.01,0.5128791213674609
2016-11-26,HHS Region 3,ili perc,1,2016-12-03,quantile,0.025,0.7070258089978867
2016-11-26,HHS Region 3,ili perc,1,2016-12-03,quantile,0.05,0.87400267101881
2016-11-26,HHS Region 3,ili perc,1,2016-12-03,quantile,0.1,1.0665162990813184
2016-11-26,HHS Region 3,ili perc,1,2016-12-03,quantile,0.15000000000000002,1.1964043299745937
2016-11-26,HHS Region 3,ili perc,1,2016-12-03,quantile,0.2,1.2996352193941971
2016-11-26,HHS Region 3,ili perc,1,2016-12-03,quantile,0.25,1.388198130663531
2016-11-26,HHS Region 3,ili perc,1,2016-12-03,quantile,0.3,1.467730362135234
2016-11-26,HHS Region 3,ili perc,1,2016-12-03,quantile,0.35000000000000003,1.5414288272656589
2016-11-26,HHS Region 3,ili perc,1,2016-12-03,quantile,0.4,1.6113614636858133
2016-11-26,HHS Region 3,ili perc,1,2016-12-03,quantile,0.45,1.6790220987461209
2016-11-26,HHS Region 3,ili perc,1,2016-12-03,quantile,0.5,1.74561
2016-11-26,HHS Region 3,ili perc,1,2016-12-03,quantile,0.55,1.8121979012538796
2016-11-26,HHS Region 3,ili perc,1,2016-12-03,quantile,0.6000000000000001,1.879858536314187
2016-11-26,HHS Region 3,ili perc,1,2016-12-03,quantile,0.6500000000000001,1.9497911727343415
2016-11-26,HHS Region 3,ili perc,1,2016-12-03,quantile,0.7000000000000001,2.023489637864766
2016-11-26,HHS Region 3,ili perc,1,2016-12-03,quantile,0.7500000000000001,2.1030218693364695
2016-11-26,HHS Region 3,ili perc,1,2016-12-03,quantile,0.8,2.1915847806058033
2016-11-26,HHS Region 3,ili perc,1,2016-12-03,quantile,0.8500000000000001,2.2948156700254065
2016-11-26,HHS Region 3,ili perc,1,2016-12-03,quantile,0.9000000000000001,2.4247037009186823
2016-11-26,HHS Region 3,ili perc,1,2016-12-03,quantile,0.95,2.61721732898119
2016-11-26,HHS Region 3,ili perc,1,2016-12-03,quantile,0.975,2.784194191002113
2016-11-26,HHS Region 3,ili perc,1,2016-12-03,quantile,0.99,2.9783408786325394
2016-11-26,HHS Region 3,ili perc,2,2016-12-10,quantile,0.01,0.0022652726817614178
2016-11-26,HHS Region 3,ili perc,2,2016-12-10,quantile,0.025,0.27683015141852235
2016-11-26,HHS Region 3,ili perc,2,2016-12-10,quantile,0.05,0.5129710942910132
2016-11-26,HHS Region 3,ili perc,2,2016-12-10,quantile,0.1,0.7852264780386622
2016-11-26,HHS Region 3,ili perc,2,2016-12-10,quantile,0.15000000000000002,0.9689158929178676
2016-11-26,HHS Region 3,ili perc,2,2016-12-10,quantile,0.2,1.1149064167909082
2016-11-26,HHS Region 3,ili perc,2,2016-12-10,quantile,0.25,1.240153287031245
2016-11-26,HHS Region 3,ili perc,2,2016-12-10,quantile,0.3,1.3526288474243238
2016-11-26,HHS Region 3,ili perc,2,2016-12-10,quantile,0.35000000000000003,1.456854216337851
2016-11-26,HHS Region 3,ili perc,2,2016-12-10,quantile,0.4,1.5557538992157403
2016-11-26,HHS Region 3,ili perc,2,2016-12-10,quantile,0.45,1.6514404869568036
2016-11-26,HHS Region 3,ili perc,2,2016-12-10,quantile,0.5,1.74561
2016-11-26,HHS Region 3,ili perc,2,2016-12-10,quantile,0.55,1.8397795130431969
2016-11-26,HHS Region 3,ili perc,2,2016-12-10,quantile,0.6000000000000001,1.9354661007842602
2016-11-26,HHS Region 3,ili perc,2,2016-12-10,quantile,0.6500000000000001,2.0343657836621496
2016-11-26,HHS Region 3,ili perc,2,2016-12-10,quantile,0.7000000000000001,2.1385911525756764
2016-11-26,HHS Region 3,ili perc,2,2016-12-10,quantile,0.7500000000000001,2.2510667129687554
2016-11-26,HHS Region 3,ili perc,2,2016-12-10,quantile,0.8,2.3763135832090923
2016-11-26,HHS Region 3,ili perc,2,2016-12-10,quantile,0.8500000000000001,2.522304107082133
2016-11-26,HHS Region 3,ili perc,2,2016-12-10,quantile,0.9000000000000001,2.7059935219613385
2016-11-26,HHS Region 3,ili perc,2,2016-12-10,quantile,0.95,2.9782489057089867
2016-11-26,HHS Region 3,ili perc,2,2016-12-10,quantile,0.975,3.2143898485814777
2016-11-26,HHS Region 3,ili perc,2,2016-12-10,quantile,0.99,3.4889547273182386
2016-11-26,HHS Region 3,ili perc,3,2016-12-17,quantile,0.01,-0.38954251385058103
2016-11-26,HHS Region 3,ili perc,3,2016-12-17,quantile,0.025,-0.05327058675347948
2016-11-26,HHS Region 3,ili perc,3,2016-12-17,quantile,0.05,0.2359418219551778
2016-11-26,HHS Region 3,ili perc,3,2016-12-17,quantile,0.1,0.56938520690886
2016-11-26,HHS Region 3,ili perc,3,2016-12-17,quantile,0.15000000000000002,0.7943578757110886
2016-11-26,HHS Region 3,ili perc,3,2016-12-17,quantile,0.2,0.9731590210963663
2016-11-26,HHS Region 3,ili perc,3,2016-12-17,quantile,0.25,1.1265544830810668
2016-11-26,HHS Region 3,ili perc,3,2016-12-17,quantile,0.3,1.264308348829385
2016-11-26,HHS Region 3,ili perc,3,2016-12-17,quantile,0.35000000000000003,1.3919578348751238
2016-11-26,HHS Region 3,ili perc,3,2016-12-17,quantile,0.4,1.5130847142620731
2016-11-26,HHS Region 3,ili perc,3,2016-12-17,quantile,0.45,1.6302763718589017
2016-11-26,HHS Region 3,ili perc,3,2016-12-17,quantile,0.5,1.74561
2016-11-26,HHS Region 3,ili perc,3,2016-12-17,quantile,0.55,1.8609436281410985
2016-11-26,HHS Region 3,ili perc,3,2016-12-17,quantile,0.6000000000000001,1.9781352857379273
2016-11-26,HHS Region 3,ili perc,3,2016-12-17,quantile,0.6500000000000001,2.099262165124877
2016-11-26,HHS Region 3,ili perc,3,2016-12-17,quantile,0.7000000000000001,2.2269116511706155
2016-11-26,HHS Region 3,ili perc,3,2016-12-17,quantile,0.7500000000000001,2.3646655169189335
2016-11-26,HHS Region 3,ili perc,3,2016-12-17,quantile,0.8,2.518060978903634
2016-11-26,HHS Region 3,ili perc,3,2016-12-17,quantile,0.8500000000000001,2.696862124288912
2016-11-26,HHS Region 3,ili perc,3,2016-12-17,quantile,0.9000000000000001,2.921834793091141
2016-11-26,HHS Region 3,ili perc,3,2016-12-17,quantile,0.95,3.2552781780448217
2016-11-26,HHS Region 3,ili perc,3,2016-12-17,quantile,0.975,3.5444905867534793
2016-11-26,HHS Region 3,ili perc,3,2016-12-17,quantile,0.99,3.880762513850581
2016-11-26,HHS Region 3,ili perc,4,2016-12-24,quantile,0.01,-0.7198517572650782
2016-11-26,HHS Region 3,ili perc,4,2016-12-24,quantile,0.025,-0.3315583820042267
2016-11-26,HHS Region 3,ili perc,4,2016-12-24,quantile,0.05,0.002395342037620013
2016-11-26,HHS Region 3,ili perc,4,2016-12-24,quantile,0.1,0.3874225981626368
2016-11-26,HHS Region 3,ili perc,4,2016-12-24,quantile,0.15000000000000002,0.6471986599491873
2016-11-26,HHS Region 3,ili perc,4,2016-12-24,quantile,0.2,0.8536604387883943
2016-11-26,HHS Region 3,ili perc,4,2016-12-24,quantile,0.25,1.030786261327062
2016-11-26,HHS Region 3,ili perc,4,2016-12-24,quantile,0.3,1.1898507242704681
2016-11-26,HHS Region 3,ili perc,4,2016-12-24,quantile,0.35000000000000003,1.3372476545313177
2016-11-26,HHS Region 3,ili perc,4,2016-12-24,quantile,0.4,1.4771129273716266
2016-11-26,HHS Region 3,ili perc,4,2016-12-24,quantile,0.45,1.6124341974922414
2016-11-26,HHS Region 3,ili perc,4,2016-12-24,quantile,0.5,1.74561
2016-11-26,HHS Region 3,ili perc,4,2016-12-24,quantile,0.55,1.8787858025077588
2016-11-26,HHS Region 3,ili perc,4,2016-12-24,quantile,0.6000000000000001,2.014107072628374
2016-11-26,HHS Region 3,ili perc,4,2016-12-24,quantile,0.6500000000000001,2.153972345468683
2016-11-26,HHS Region 3,ili perc,4,2016-12-24,quantile,0.7000000000000001,2.3013692757295323
2016-11-26,HHS Region 3,ili perc,4,2016-12-24,quantile,0.7500000000000001,2.4604337386729385
2016-11-26,HHS Region 3,ili perc,4,2016-12-24,quantile,0.8,2.637559561211606
2016-11-26,HHS Region 3,ili perc,4,2016-12-24,quantile,0.8500000000000001,2.8440213400508134
2016-11-26,HHS Region 3,ili perc,4,2016-12-24,quantile,0.9000000000000001,3.103797401837364
2016-11-26,HHS Region 3,ili perc,4,2016-12-24,quantile,0.95,3.4888246579623794
2016-11-26,HHS Region 3,ili perc,4,2016-12-24,quantile,0.975,3.8227783820042265
2016-11-26,HHS Region 3,ili perc,4,2016-12-24,quantile,0.99,4.211071757265079
2016-11-26,HHS Region 4,ili perc,1,2016-12-03,quantile,0.01,1.2555040947143532
2016-11-26,HHS Region 4,ili perc,1,2016-12-03,quantile,0.025,1.4027564092072204
2016-11-26,HHS Region 4,ili perc,1,2016-12-03,quantile,0.05,1.529401523267275
2016-11-26,HHS Region 4,ili perc,1,2016-12-03,quantile,0.1,1.6754152289328912
2016-11-26,HHS Region 4,ili perc,1,2016-12-03,quantile,0.15000000000000002,1.7739299829438602
2016-11-26,HHS Region 4,ili perc,1,2016-12-03,quantile,0.2,1.8522263864505228
2016-11-26,HHS Region 4,ili perc,1,2016-12-03,quantile,0.25,1.919397729015278
2016-11-26,HHS Region 4,ili perc,1,2016-12-03,quantile,0.3,1.9797196706560447
2016-11-26,HHS Region 4,ili perc,1,2016-12-03,quantile,0.35000000000000003,2.0356169393526145
2016-11-26,HHS Region 4,ili perc,1,2016-12-03,quantile,0.4,2.088657981139835
2016-11-26,HHS Region 4,ili perc,1,2016-12-03,quantile,0.45,2.1399758029079474
2016-11-26,HHS Region 4,ili perc,1,2016-12-03,quantile,0.5,2.19048
2016-11-26,HHS Region 4,ili perc,1,2016-12-03,quantile,0.55,2.2409841970920525
2016-11-26,HHS Region 4,ili perc,1,2016-12-03,quantile,0.6000000000000001,2.292302018860165
2016-11-26,HHS Region 4,ili perc,1,2016-12-03,quantile,0.6500000000000001,2.3453430606473855
2016-11-26,HHS Region 4,ili perc,1,2016-12-03,quantile,0.7000000000000001,2.4012403293439553
2016-11-26,HHS Region 4,ili perc,1,2016-12-03,quantile,0.7500000000000001,2.461562270984722
2016-11-26,HHS Region 4,ili perc,1,2016-12-03,quantile,0.8,2.5287336135494773
2016-11-26,HHS Region 4,ili perc,1,2016-12-03,quantile,0.8500000000000001,2.60703001705614
2016-11-26,HHS Region 4,ili perc,1,2016-12-03,quantile,0.9000000000000001,2.705544771067109
2016-11-26,HHS Region 4,ili perc,1,2016-12-03,quantile,0.95,2.8515584767327247
2016-11-26,HHS Region 4,ili perc,1,2016-12-03,quantile,0.975,2.9782035907927793
2016-11-26,HHS Region 4,ili perc,1,2016-12-03,quantile,0.99,3.1254559052856465
2016-11-26,HHS Region 4,ili perc,2,2016-12-10,quantile,0.01,0.8682243942529759
2016-11-26,HHS Region 4,ili perc,2,2016-12-10,quantile,0.025,1.0764706144996168
2016-11-26,HHS Region 4,ili perc,2,2016-12-10,quantile,0.05,1.2555738524116338
2016-11-26,HHS Region 4,ili perc,2,2016-12-10,quantile,0.1,1.4620684152563015
2016-11-26,HHS Region 4,ili perc,2,2016-12-10,quantile,0.15000000000000002,1.6013893164724629
2016-11-26,HHS Region 4,ili perc,2,2016-12-10,quantile,0.2,1.7121171521966216
2016-11-26,HHS Region 4,ili perc,2,2016-12-10,quantile,0.25,1.8071117758545074
2016-11-26,HHS Region 4,ili perc,2,2016-12-10,quantile,0.3,1.8924198838315582
2016-11-26,HHS Region 4,ili perc,2,2016-12-10,quantile,0.35000000000000003,1.9714705593218602
2016-11-26,HHS Region 4,ili perc,2,2016-12-10,quantile,0.4,2.046481919979746
2016-11-26,HHS Region 4,ili perc,2,2016-12-10,quantile,0.45,2.119056279515655
2016-11-26,HHS Region 4,ili perc,2,2016-12-10,quantile,0.5,2.19048
2016-11-26,HHS Region 4,ili perc,2,2016-12-10,quantile,0.55,2.261903720484345
2016-11-26,HHS Region 4,ili perc,2,2016-12-10,quantile,0.6000000000000001,2.3344780800202543
2016-11-26,HHS Region 4,ili perc,2,2016-12-10,quantile,0.6500000000000001,2.40948944067814
2016-11-26,HHS Region 4,ili perc,2,2016-12-10,quantile,0.7000000000000001,2.488540116168442
2016-11-26,HHS Region 4,ili perc,2,2016-12-10,quantile,0.7500000000000001,2.5738482241454927
2016-11-26,HHS Region 4,ili perc,2,2016-12-10,quantile,0.8,2.6688428478033783
2016-11-26,HHS Region 4,ili perc,2,2016-12-10,quantile,0.8500000000000001,2.7795706835275373
2016-11-26,HHS Region 4,ili perc,2,2016-12-10,quantile,0.9000000000000001,2.918891584743699
2016-11-26,HHS Region 4,ili perc,2,2016-12-10,quantile,0.95,3.1253861475883657
2016-11-26,HHS Region 4,ili perc,2,2016-12-10,quantile,0.975,3.304489385500383
2016-11-26,HHS Region 4,ili perc,2,2016-12-10,quantile,0.99,3.5127356057470243
2016-11-26,HHS Region 4,ili perc,3,2016-12-17,quantile,0.01,0.5710542281925535
2016-11-26,HHS Region 4,ili perc,3,2016-12-17,quantile,0.025,0.8261027184263102
2016-11-26,HHS Region 4,ili perc,3,2016-12-17,quantile,0.05,1.0454584905086803
2016-11-26,HHS Region 4,ili perc,3,2016-12-17,quantile,0.1,1.2983616473229354
2016-11-26,HHS Region 4,ili perc,3,2016-12-17,quantile,0.15000000000000002,1.4689942065650832
2016-11-26,HHS Region 4,ili perc,3,2016-12-17,quantile,0.2,1.6046075554885373
2016-11-26,HHS Region 4,ili perc,3,2016-12-17,quantile,0.25,1.720951733623307
2016-11-26,HHS Region 4,ili perc,3,2016-12-17,quantile,0.3,1.8254324013563197
2016-11-26,HHS Region 4,ili perc,3,2016-12-17,quantile,0.35000000000000003,1.922249310743108
2016-11-26,HHS Region 4,ili perc,3,2016-12-17,quantile,0.4,2.014119090004958
2016-11-26,HHS Region 4,ili perc,3,2016-12-17,quantile,0.45,2.103004164641092
2016-11-26,HHS Region 4,ili perc,3,2016-12-17,quantile,0.5,2.19048
2016-11-26,HHS Region 4,ili perc,3,2016-12-17,quantile,0.55,2.2779558353589078
2016-11-26,HHS Region 4,ili perc,3,2016-12-17,quantile,0.6000000000000001,2.366840909995042
2016-11-26,HHS Region 4,ili perc,3,2016-12-17,quantile,0.6500000000000001,2.4587106892568924
2016-11-26,HHS Region 4,ili perc,3,2016-12-17,quantile,0.7000000000000001,2.5555275986436805
2016-11-26,HHS Region 4,ili perc,3,2016-12-17,quantile,0.7500000000000001,2.660008266376693
2016-11-26,HHS Region 4,ili perc,3,2016-12-17,quantile,0.8,2.776352444511463
2016-11-26,HHS Region 4,ili perc,3,2016-12-17,quantile,0.8500000000000001,2.9119657934349172
2016-11-26,HHS Region 4,ili perc,3,2016-12-17,quantile,0.9000000000000001,3.082598352677065
2016-11-26,HHS Region 4,ili perc,3,2016-12-17,quantile,0.95,3.335501509491319
2016-11-26,HHS Region 4,ili perc,3,2016-12-17,quantile,0.975,3.5548572815736894
2016-11-26,HHS Region 4,ili perc,3,2016-12-17,quantile,0.99,3.8099057718074465
2016-11-26,HHS Region 4,ili perc,4,2016-12-24,quantile,0.01,0.32052818942870664
2016-11-26,HHS Region 4,ili perc,4,2016-12-24,quantile,0.025,0.6150328184144408
2016-11-26,HHS Region 4,ili perc,4,2016-12-24,quantile,0.05,0.8683230465345501
2016-11-26,HHS Region 4,ili perc,4,2016-12-24,quantile,0.1,1.1603504578657826
2016-11-26,HHS Region 4,ili perc,4,2016-12-24,quantile,0.15000000000000002,1.3573799658877201
2016-11-26,HHS Region 4,ili perc,4,2016-12-24,quantile,0.2,1.513972772901046
2016-11-26,HHS Region 4,ili perc,4,2016-12-24,quantile,0.25,1.648315458030556
2016-11-26,HHS Region 4,ili perc,4,2016-12-24,quantile,0.3,1.7689593413120894
2016-11-26,HHS Region 4,ili perc,4,2016-12-24,quantile,0.35000000000000003,1.880753878705229
2016-11-26,HHS Region 4,ili perc,4,2016-12-24,quantile,0.4,1.9868359622796705
2016-11-26,HHS Region 4,ili perc,4,2016-12-24,quantile,0.45,2.0894716058158944
2016-11-26,HHS Region 4,ili perc,4,2016-12-24,quantile,0.5,2.19048
2016-11-26,HHS Region 4,ili perc,4,2016-12-24,quantile,0.55,2.2914883941841055
2016-11-26,HHS Region 4,ili perc,4,2016-12-24,quantile,0.6000000000000001,2.3941240377203297
2016-11-26,HHS Region 4,ili perc,4,2016-12-24,quantile,0.6500000000000001,2.5002061212947715
2016-11-26,HHS Region 4,ili perc,4,2016-12-24,quantile,0.7000000000000001,2.6120006586879105
2016-11-26,HHS Region 4,ili perc,4,2016-12-24,quantile,0.7500000000000001,2.732644541969444
2016-11-26,HHS Region 4,ili perc,4,2016-12-24,quantile,0.8,2.8669872270989543
2016-11-26,HHS Region 4,ili perc,4,2016-12-24,quantile,0.8500000000000001,3.02358003411228
2016-11-26,HHS Region 4,ili perc,4,2016-12-24,quantile,0.9000000000000001,3.220609542134218
2016-11-26,HHS Region 4,ili perc,4,2016-12-24,quantile,0.95,3.5126369534654494
2016-11-26,HHS Region 4,ili perc,4,2016-12-24,quantile,0.975,3.7659271815855586
2016-11-26,HHS Region 4,ili perc,4,2016-12-24,quantile,0.99,4.060431810571293
2016-11-26,HHS Region 5,ili perc,1,2016-12-03,quantile,0.01,0.26757694837755847
2016-11-26,HHS Region 5,ili perc,1,2016-12-03,quantile,0.025,0.4254391279619137
2016-11-26,HHS Region 5,ili perc,1,2016-12-03,quantile,0.05,0.5612093113242808
2016-11-26,HHS Region 5,ili perc,1,2016-12-03,quantile,0.1,0.7177436374905376
2016-11-26,HHS Region 5,ili perc,1,2016-12-03,quantile,0.15000000000000002,0.8233566042065309
2016-11-26,HHS Region 5,ili perc,1,2016-12-03,quantile,0.2,0.9072944421532252
2016-11-26,HHS Region 5,ili perc,1,2016-12-03,quantile,0.25,0.9793056331446799
2016-11-26,HHS Region 5,ili perc,1,2016-12-03,quantile,0.3,1.043973908254427
2016-11-26,HHS Region 5,ili perc,1,2016-12-03,quantile,0.35000000000000003,1.1038987026431786
2016-11-26,HHS Region 5,ili perc,1,2016-12-03,quantile,0.4,1.1607614724596838
2016-11-26,HHS Region 5,ili perc,1,2016-12-03,quantile,0.45,1.2157768603246266
2016-11-26,HHS Region 5,ili perc,1,2016-12-03,quantile,0.5,1.26992
2016-11-26,HHS Region 5,ili perc,1,2016-12-03,quantile,0.55,1.3240631396753733
2016-11-26,HHS Region 5,ili perc,1,2016-12-03,quantile,0.6000000000000001,1.3790785275403161
2016-11-26,HHS Region 5,ili perc,1,2016-12-03,quantile,0.6500000000000001,1.4359412973568215
2016-11-26,HHS Region 5,ili perc,1,2016-12-03,quantile,0.7000000000000001,1.495866091745573
2016-11-26,HHS Region 5,ili perc,1,2016-12-03,quantile,0.7500000000000001,1.56053436685532
2016-11-26,HHS Region 5,ili perc,1,2016-12-03,quantile,0.8,1.6325455578467747
2016-11-26,HHS Region 5,ili perc,1,2016-12-03,quantile,0.8500000000000001,1.7164833957934693
2016-11-26,HHS Region 5,ili perc,1,2016-12-03,quantile,0.9000000000000001,1.8220963625094626
2016-11-26,HHS Region 5,ili perc,1,2016-12-03,quantile,0.95,1.9786306886757188
2016-11-26,HHS Region 5,ili perc,1,2016-12-03,quantile,0.975,2.114400872038086
2016-11-26,HHS Region 5,ili perc,1,2016-12-03,quantile,0.99,2.2722630516224416
2016-11-26,HHS Region 5,ili perc,2,2016-12-10,quantile,0.01,-0.14760713775489212
2016-11-26,HHS Region 5,ili perc,2,2016-12-10,quantile,0.025,0.07564369759908016
2016-11-26,HHS Region 5,ili perc,2,2016-12-10,quantile,0.05,0.26765173227602157
2016-11-26,HHS Region 5,ili perc,2,2016-12-10,quantile,0.1,0.4890246993172757
2016-11-26,HHS Region 5,ili perc,2,2016-12-10,quantile,0.15000000000000002,0.6383839892094917
2016-11-26,HHS Region 5,ili perc,2,2016-12-10,quantile,0.2,0.7570900180299818
2016-11-26,HHS Region 5,ili perc,2,2016-12-10,quantile,0.25,0.8589292209727363
2016-11-26,HHS Region 5,ili perc,2,2016-12-10,quantile,0.3,0.950383972688215
2016-11-26,HHS Region 5,ili perc,2,2016-12-10,quantile,0.35000000000000003,1.0351304296352066
2016-11-26,HHS Region 5,ili perc,2,2016-12-10,quantile,0.4,1.1155465299038079
2016-11-26,HHS Region 5,ili perc,2,2016-12-10,quantile,0.45,1.1933500375616262
2016-11-26,HHS Region 5,ili perc,2,2016-12-10,quantile,0.5,1.26992
2016-11-26,HHS Region 5,ili perc,2,2016-12-10,quantile,0.55,1.3464899624383737
2016-11-26,HHS Region 5,ili perc,2,2016-12-10,quantile,0.6000000000000001,1.4242934700961922
2016-11-26,HHS Region 5,ili perc,2,2016-12-10,quantile,0.6500000000000001,1.5047095703647935
2016-11-26,HHS Region 5,ili perc,2,2016-12-10,quantile,0.7000000000000001,1.589456027311785
2016-11-26,HHS Region 5,ili perc,2,2016-12-10,quantile,0.7500000000000001,1.6809107790272637
2016-11-26,HHS Region 5,ili perc,2,2016-12-10,quantile,0.8,1.7827499819700183
2016-11-26,HHS Region 5,ili perc,2,2016-12-10,quantile,0.8500000000000001,1.9014560107905085
2016-11-26,HHS Region 5,ili perc,2,2016-12-10,quantile,0.9000000000000001,2.0508153006827246
2016-11-26,HHS Region 5,ili perc,2,2016-12-10,quantile,0.95,2.272188267723978
2016-11-26,HHS Region 5,ili perc,2,2016-12-10,quantile,0.975,2.4641963024009192
2016-11-26,HHS Region 5,ili perc,2,2016-12-10,quantile,0.99,2.687447137754892
2016-11-26,HHS Region 5,ili perc,3,2016-12-17,quantile,0.01,-0.4661890920237026
2016-11-26,HHS Region 5,ili perc,3,2016-12-17,quantile,0.025,-0.19276377639003703
2016-11-26,HHS Region 5,ili perc,3,2016-12-17,quantile,0.05,0.04239707934652532
2016-11-26,HHS Region 5,ili perc,3,2016-12-17,quantile,0.1,0.31352248539504063
2016-11-26,HHS Region 5,ili perc,3,2016-12-17,quantile,0.15000000000000002,0.49644950968522167
2016-11-26,HHS Region 5,ili perc,3,2016-12-17,quantile,0.2,0.6418341096863791
2016-11-26,HHS Region 5,ili perc,3,2016-12-17,quantile,0.25,0.7665611511971249
2016-11-26,HHS Region 5,ili perc,3,2016-12-17,quantile,0.3,0.8785698893250486
2016-11-26,HHS Region 5,ili perc,3,2016-12-17,quantile,0.35000000000000003,0.9823626778394847
2016-11-26,HHS Region 5,ili perc,3,2016-12-17,quantile,0.4,1.080851884220766
2016-11-26,HHS Region 5,ili perc,3,2016-12-17,quantile,0.45,1.1761413312009552
2016-11-26,HHS Region 5,ili perc,3,2016-12-17,quantile,0.5,1.26992
2016-11-26,HHS Region 5,ili perc,3,2016-12-17,quantile,0.55,1.3636986687990449
2016-11-26,HHS Region 5,ili perc,3,2016-12-17,quantile,0.6000000000000001,1.4589881157792342
2016-11-26,HHS Region 5,ili perc,3,2016-12-17,quantile,0.6500000000000001,1.5574773221605154
2016-11-26,HHS Region 5,ili perc,3,2016-12-17,quantile,0.7000000000000001,1.6612701106749515
2016-11-26,HHS Region 5,ili perc,3,2016-12-17,quantile,0.7500000000000001,1.7732788488028752
2016-11-26,HHS Region 5,ili perc,3,2016-12-17,quantile,0.8,1.898005890313621
2016-11-26,HHS Region 5,ili perc,3,2016-12-17,quantile,0.8500000000000001,2.0433904903147786
2016-11-26,HHS Region 5,ili perc,3,2016-12-17,quantile,0.9000000000000001,2.22631751460496
2016-11-26,HHS Region 5,ili perc,3,2016-12-17,quantile,0.95,2.497442920653474
2016-11-26,HHS Region 5,ili perc,3,2016-12-17,quantile,0.975,2.7326037763900364
2016-11-26,HHS Region 5,ili perc,3,2016-12-17,quantile,0.99,3.0060290920237023
2016-11-26,HHS Region 5,ili perc,4,2016-12-24,quantile,0.01,-0.734766103244883
2016-11-26,HHS Region 5,ili perc,4,2016-12-24,quantile,0.025,-0.41904174407617256
2016-11-26,HHS Region 5,ili perc,4,2016-12-24,quantile,0.05,-0.1475013773514385
2016-11-26,HHS Region 5,ili perc,4,2016-12-24,quantile,0.1,0.1655672749810753
2016-11-26,HHS Region 5,ili perc,4,2016-12-24,quantile,0.15000000000000002,0.3767932084130618
2016-11-26,HHS Region 5,ili perc,4,2016-12-24,quantile,0.2,0.5446688843064504
2016-11-26,HHS Region 5,ili perc,4,2016-12-24,quantile,0.25,0.6886912662893598
2016-11-26,HHS Region 5,ili perc,4,2016-12-24,quantile,0.3,0.8180278165088539
2016-11-26,HHS Region 5,ili perc,4,2016-12-24,quantile,0.35000000000000003,0.9378774052863572
2016-11-26,HHS Region 5,ili perc,4,2016-12-24,quantile,0.4,1.0516029449193678
2016-11-26,HHS Region 5,ili perc,4,2016-12-24,quantile,0.45,1.1616337206492533
2016-11-26,HHS Region 5,ili perc,4,2016-12-24,quantile,0.5,1.26992
2016-11-26,HHS Region 5,ili perc,4,2016-12-24,quantile,0.55,1.3782062793507466
2016-11-26,HHS Region 5,ili perc,4,2016-12-24,quantile,0.6000000000000001,1.4882370550806323
2016-11-26,HHS Region 5,ili perc,4,2016-12-24,quantile,0.6500000000000001,1.601962594713643
2016-11-26,HHS Region 5,ili perc,4,2016-12-24,quantile,0.7000000000000001,1.721812183491146
2016-11-26,HHS Region 5,ili perc,4,2016-12-24,quantile,0.7500000000000001,1.8511487337106403
2016-11-26,HHS Region 5,ili perc,4,2016-12-24,quantile,0.8,1.9951711156935497
2016-11-26,HHS Region 5,ili perc,4,2016-12-24,quantile,0.8500000000000001,2.1630467915869387
2016-11-26,HHS Region 5,ili perc,4,2016-12-24,quantile,0.9000000000000001,2.3742727250189253
2016-11-26,HHS Region 5,ili perc,4,2016-12-24,quantile,0.95,2.6873413773514376
2016-11-26,HHS Region 5,ili perc,4,2016-12-24,quantile,0.975,2.958881744076172
2016-11-26,HHS Region 5,ili perc,4,2016-12-24,quantile,0.99,3.2746061032448828
2016-11-26,HHS Region 6,ili perc,1,2016-12-03,quantile,0.01,0.8302762962151805
2016-11-26,HHS Region 6,ili perc,1,2016-12-03,quantile,0.025,1.0873057247648141
2016-11-26,HHS Region 6,ili perc,1,2016-12-03,quantile,0.05,1.3083652130829813
2016-11-26,HHS Region 6,ili perc,1,2016-12-03,quantile,0.1,1.5632326456044963
2016-11-26,HHS Region 6,ili perc,1,2016-12-03,quantile,0.15000000000000002,1.735190492340913
2016-11-26,HHS Region 6,ili perc,1,2016-12-03,quantile,0.2,1.871857137752343
2016-11-26,HHS Region 6,ili perc,1,2016-12-03,quantile,0.25,1.9891049504864986
2016-11-26,HHS Region 6,ili perc,1,2016-12-03,quantile,0.3,2.0943971100177614
2016-11-26,HHS Region 6,ili perc,1,2016-12-03,quantile,0.35000000000000003,2.191965987492082
2016-11-26,HHS Region 6,ili perc,1,2016-12-03,quantile,0.4,2.2845493109338806
2016-11-26,HHS Region 6,ili perc,1,2016-12-03,quantile,0.45,2.3741247478218943
2016-11-26,HHS Region 6,ili perc,1,2016-12-03,quantile,0.5,2.46228
2016-11-26,HHS Region 6,ili perc,1,2016-12-03,quantile,0.55,2.5504352521781053
2016-11-26,HHS Region 6,ili perc,1,2016-12-03,quantile,0.6000000000000001,2.640010689066119
2016-11-26,HHS Region 6,ili perc,1,2016-12-03,quantile,0.6500000000000001,2.732594012507918
2016-11-26,HHS Region 6,ili perc,1,2016-12-03,quantile,0.7000000000000001,2.830162889982238
2016-11-26,HHS Region 6,ili perc,1,2016-12-03,quantile,0.7500000000000001,2.935455049513501
2016-11-26,HHS Region 6,ili perc,1,2016-12-03,quantile,0.8,3.052702862247657
2016-11-26,HHS Region 6,ili perc,1,2016-12-03,quantile,0.8500000000000001,3.189369507659087
2016-11-26,HHS Region 6,ili perc,1,2016-12-03,quantile,0.9000000000000001,3.361327354395504
2016-11-26,HHS Region 6,ili perc,1,2016-12-03,quantile,0.95,3.616194786917018
2016-11-26,HHS Region 6,ili perc,1,2016-12-03,quantile,0.975,3.837254275235185
2016-11-26,HHS Region 6,ili perc,1,2016-12-03,quantile,0.99,4.094283703784819
2016-11-26,HHS Region 6,ili perc,2,2016-12-10,quantile,0.01,0.15427822826438528
2016-11-26,HHS Region 6,ili perc,2,2016-12-10,quantile,0.025,0.5177727320482834
2016-11-26,HHS Region 6,ili perc,2,2016-12-10,quantile,0.05,0.8303980585190921
2016-11-26,HHS Region 6,ili perc,2,2016-12-10,quantile,0.1,1.1908350381982284
2016-11-26,HHS Region 6,ili perc,2,2016-12-10,quantile,0.15000000000000002,1.4340201572093427
2016-11-26,HHS Region 6,ili perc,2,2016-12-10,quantile,0.2,1.627295980674222
2016-11-26,HHS Region 6,ili perc,2,2016-12-10,quantile,0.25,1.7931094276014459
2016-11-26,HHS Region 6,ili perc,2,2016-12-10,quantile,0.3,1.942015027622109
2016-11-26,HHS Region 6,ili perc,2,2016-12-10,quantile,0.35000000000000003,2.0799982574118117
2016-11-26,HHS Region 6,ili perc,2,2016-12-10,quantile,0.4,2.2109308490727786
2016-11-26,HHS Region 6,ili perc,2,2016-12-10,quantile,0.45,2.3376096467753027
2016-11-26,HHS Region 6,ili perc,2,2016-12-10,quantile,0.5,2.46228
2016-11-26,HHS Region 6,ili perc,2,2016-12-10,quantile,0.55,2.586950353224697
2016-11-26,HHS Region 6,ili perc,2,2016-12-10,quantile,0.6000000000000001,2.713629150927221
2016-11-26,HHS Region 6,ili perc,2,2016-12-10,quantile,0.6500000000000001,2.8445617425881884
2016-11-26,HHS Region 6,ili perc,2,2016-12-10,quantile,0.7000000000000001,2.9825449723778905
2016-11-26,HHS Region 6,ili perc,2,2016-12-10,quantile,0.7500000000000001,3.131450572398554
2016-11-26,HHS Region 6,ili perc,2,2016-12-10,quantile,0.8,3.2972640193257776
2016-11-26,HHS Region 6,ili perc,2,2016-12-10,quantile,0.8500000000000001,3.4905398427906573
2016-11-26,HHS Region 6,ili perc,2,2016-12-10,quantile,0.9000000000000001,3.7337249618017716
2016-11-26,HHS Region 6,ili perc,2,2016-12-10,quantile,0.95,4.094161941480907
2016-11-26,HHS Region 6,ili perc,2,2016-12-10,quantile,0.975,4.4067872679517155
2016-11-26,HHS Region 6,ili perc,2,2016-12-10,quantile,0.99,4.770281771735615
2016-11-26,HHS Region 6,ili perc,3,2016-12-17,quantile,0.01,-0.3644333330958954
2016-11-26,HHS Region 6,ili perc,3,2016-12-17,quantile,0.025,0.08075469619246453
2016-11-26,HHS Region 6,ili perc,3,2016-12-17,quantile,0.05,0.4636409614547086
2016-11-26,HHS Region 6,ili perc,3,2016-12-17,quantile,0.1,0.9050843037766054
2016-11-26,HHS Region 6,ili perc,3,2016-12-17,quantile,0.15000000000000002,1.2029240310842209
2016-11-26,HHS Region 6,ili perc,3,2016-12-17,quantile,0.2,1.439637604636818
2016-11-26,HHS Region 6,ili perc,3,2016-12-17,quantile,0.25,1.6427167733686967
2016-11-26,HHS Region 6,ili perc,3,2016-12-17,quantile,0.3,1.8250881433154913
2016-11-26,HHS Region 6,ili perc,3,2016-12-17,quantile,0.35000000000000003,1.9940823963384768
2016-11-26,HHS Region 6,ili perc,3,2016-12-17,quantile,0.4,2.1544414164732553
2016-11-26,HHS Region 6,ili perc,3,2016-12-17,quantile,0.45,2.3095906242734743
2016-11-26,HHS Region 6,ili perc,3,2016-12-17,quantile,0.5,2.46228
2016-11-26,HHS Region 6,ili perc,3,2016-12-17,quantile,0.55,2.6149693757265253
2016-11-26,HHS Region 6,ili perc,3,2016-12-17,quantile,0.6000000000000001,2.770118583526745
2016-11-26,HHS Region 6,ili perc,3,2016-12-17,quantile,0.6500000000000001,2.930477603661523
2016-11-26,HHS Region 6,ili perc,3,2016-12-17,quantile,0.7000000000000001,3.0994718566845085
2016-11-26,HHS Region 6,ili perc,3,2016-12-17,quantile,0.7500000000000001,3.2818432266313033
2016-11-26,HHS Region 6,ili perc,3,2016-12-17,quantile,0.8,3.484922395363182
2016-11-26,HHS Region 6,ili perc,3,2016-12-17,quantile,0.8500000000000001,3.721635968915779
2016-11-26,HHS Region 6,ili perc,3,2016-12-17,quantile,0.9000000000000001,4.019475696223395
2016-11-26,HHS Region 6,ili perc,3,2016-12-17,quantile,0.95,4.46091903854529
2016-11-26,HHS Region 6,ili perc,3,2016-12-17,quantile,0.975,4.843805303807534
2016-11-26,HHS Region 6,ili perc,3,2016-12-17,quantile,0.99,5.288993333095895
2016-11-26,HHS Region 6,ili perc,4,2016-12-24,quantile,0.01,-0.8017274075696388
2016-11-26,HHS Region 6,ili perc,4,2016-12-24,quantile,0.025,-0.2876685504703716
2016-11-26,HHS Region 6,ili perc,4,2016-12-24,quantile,0.05,0.15445042616596255
2016-11-26,HHS Region 6,ili perc,4,2016-12-24,quantile,0.1,0.664185291208993
2016-11-26,HHS Region 6,ili perc,4,2016-12-24,quantile,0.15000000000000002,1.0081009846818259
2016-11-26,HHS Region 6,ili perc,4,2016-12-24,quantile,0.2,1.2814342755046864
2016-11-26,HHS Region 6,ili perc,4,2016-12-24,quantile,0.25,1.5159299009729976
2016-11-26,HHS Region 6,ili perc,4,2016-12-24,quantile,0.3,1.726514220035523
2016-11-26,HHS Region 6,ili perc,4,2016-12-24,quantile,0.35000000000000003,1.9216519749841638
2016-11-26,HHS Region 6,ili perc,4,2016-12-24,quantile,0.4,2.106818621867762
2016-11-26,HHS Region 6,ili perc,4,2016-12-24,quantile,0.45,2.2859694956437893
2016-11-26,HHS Region 6,ili perc,4,2016-12-24,quantile,0.5,2.46228
2016-11-26,HHS Region 6,ili perc,4,2016-12-24,quantile,0.55,2.638590504356211
2016-11-26,HHS Region 6,ili perc,4,2016-12-24,quantile,0.6000000000000001,2.8177413781322382
2016-11-26,HHS Region 6,ili perc,4,2016-12-24,quantile,0.6500000000000001,3.002908025015836
2016-11-26,HHS Region 6,ili perc,4,2016-12-24,quantile,0.7000000000000001,3.1980457799644766
2016-11-26,HHS Region 6,ili perc,4,2016-12-24,quantile,0.7500000000000001,3.408630099027002
2016-11-26,HHS Region 6,ili perc,4,2016-12-24,quantile,0.8,3.6431257244953135
2016-11-26,HHS Region 6,ili perc,4,2016-12-24,quantile,0.8500000000000001,3.9164590153181744
2016-11-26,HHS Region 6,ili perc,4,2016-12-24,quantile,0.9000000000000001,4.260374708791008
2016-11-26,HHS Region 6,ili perc,4,2016-12-24,quantile,0.95,4.770109573834036
2016-11-26,HHS Region 6,ili perc,4,2016-12-24,quantile,0.975,5.21222855047037
2016-11-26,HHS Region 6,ili perc,4,2016-12-24,quantile,0.99,5.726287407569639
2016-11-26,HHS Region 7,ili perc,1,2016-12-03,quantile,0.01,0.12112611540395087
2016-11-26,HHS Region 7,ili perc,1,2016-12-03,quantile,0.025,0.32712621204862435
2016-11-26,HHS Region 7,ili perc,1,2016-12-03,quantile,0.05,0.5042976597490998
2016-11-26,HHS Region 7,ili perc,1,2016-12-03,quantile,0.1,0.7085649921992181
2016-11-26,HHS Region 7,ili perc,1,2016-12-03,quantile,0.15000000000000002,0.846383191641977
2016-11-26,HHS Region 7,ili perc,1,2016-12-03,quantile,0.2,0.9559167276332512
2016-11-26,HHS Region 7,ili perc,1,2016-12-03,quantile,0.25,1.0498867484627865
2016-11-26,HHS Region 7,ili perc,1,2016-12-03,quantile,0.3,1.134274731433297
2016-11-26,HHS Region 7,ili perc,1,2016-12-03,quantile,0.35000000000000003,1.2124727739790013
2016-11-26,HHS Region 7,ili perc,1,2016-12-03,quantile,0.4,1.2866750693516213
2016-11-26,HHS Region 7,ili perc,1,2016-12-03,quantile,0.45,1.3584666488607997
2016-11-26,HHS Region 7,ili perc,1,2016-12-03,quantile,0.5,1.42912
2016-11-26,HHS Region 7,ili perc,1,2016-12-03,quantile,0.55,1.4997733511392004
2016-11-26,HHS Region 7,ili perc,1,2016-12-03,quantile,0.6000000000000001,1.5715649306483788
2016-11-26,HHS Region 7,ili perc,1,2016-12-03,quantile,0.6500000000000001,1.6457672260209988
2016-11-26,HHS Region 7,ili perc,1,2016-12-03,quantile,0.7000000000000001,1.7239652685667028
2016-11-26,HHS Region 7,ili perc,1,2016-12-03,quantile,0.7500000000000001,1.8083532515372134
2016-11-26,HHS Region 7,ili perc,1,2016-12-03,quantile,0.8,1.9023232723667487
2016-11-26,HHS Region 7,ili perc,1,2016-12-03,quantile,0.8500000000000001,2.011856808358023
2016-11-26,HHS Region 7,ili perc,1,2016-12-03,quantile,0.9000000000000001,2.149675007800782
2016-11-26,HHS Region 7,ili perc,1,2016-12-03,quantile,0.95,2.3539423402509
2016-11-26,HHS Region 7,ili perc,1,2016-12-03,quantile,0.975,2.531113787951375
2016-11-26,HHS Region 7,ili perc,1,2016-12-03,quantile,0.99,2.737113884596049
2016-11-26,HHS Region 7,ili perc,2,2016-12-10,quantile,0.01,-0.4206626910968018
2016-11-26,HHS Region 7,ili perc,2,2016-12-10,quantile,0.025,-0.12933456057173623
2016-11-26,HHS Region 7,ili perc,2,2016-12-10,quantile,0.05,0.12122370363155166
2016-11-26,HHS Region 7,ili perc,2,2016-12-10,quantile,0.1,0.4101013355322828
2016-11-26,HHS Region 7,ili perc,2,2016-12-10,quantile,0.15000000000000002,0.6050057023260726
2016-11-26,HHS Region 7,ili perc,2,2016-12-10,quantile,0.2,0.7599095144596142
2016-11-26,HHS Region 7,ili perc,2,2016-12-10,quantile,0.25,0.8928031923732254
2016-11-26,HHS Region 7,ili perc,2,2016-12-10,quantile,0.3,1.012145822391431
2016-11-26,HHS Region 7,ili perc,2,2016-12-10,quantile,0.35000000000000003,1.1227345547105942
2016-11-26,HHS Region 7,ili perc,2,2016-12-10,quantile,0.4,1.2276724471857678
2016-11-26,HHS Region 7,ili perc,2,2016-12-10,quantile,0.45,1.3292010725918342
2016-11-26,HHS Region 7,ili perc,2,2016-12-10,quantile,0.5,1.42912
2016-11-26,HHS Region 7,ili perc,2,2016-12-10,quantile,0.55,1.5290389274081657
2016-11-26,HHS Region 7,ili perc,2,2016-12-10,quantile,0.6000000000000001,1.6305675528142323
2016-11-26,HHS Region 7,ili perc,2,2016-12-10,quantile,0.6500000000000001,1.7355054452894059
2016-11-26,HHS Region 7,ili perc,2,2016-12-10,quantile,0.7000000000000001,1.8460941776085689
2016-11-26,HHS Region 7,ili perc,2,2016-12-10,quantile,0.7500000000000001,1.9654368076267748
2016-11-26,HHS Region 7,ili perc,2,2016-12-10,quantile,0.8,2.098330485540386
2016-11-26,HHS Region 7,ili perc,2,2016-12-10,quantile,0.8500000000000001,2.2532342976739277
2016-11-26,HHS Region 7,ili perc,2,2016-12-10,quantile,0.9000000000000001,2.4481386644677174
2016-11-26,HHS Region 7,ili perc,2,2016-12-10,quantile,0.95,2.7370162963684477
2016-11-26,HHS Region 7,ili perc,2,2016-12-10,quantile,0.975,2.9875745605717356
2016-11-26,HHS Region 7,ili perc,2,2016-12-10,quantile,0.99,3.2789026910968015
2016-11-26,HHS Region 7,ili perc,3,2016-12-17,quantile,0.01,-0.8363918641097401
2016-11-26,HHS Region 7,ili perc,3,2016-12-17,quantile,0.025,-0.4795892303570665
2016-11-26,HHS Region 7,ili perc,3,2016-12-17,quantile,0.05,-0.1727192812893109
2016-11-26,HHS Region 7,ili perc,3,2016-12-17,quantile,0.1,0.18108211684085687
2016-11-26,HHS Region 7,ili perc,3,2016-12-17,quantile,0.15000000000000002,0.4197902404833761
2016-11-26,HHS Region 7,ili perc,3,2016-12-17,quantile,0.2,0.6095078899529374
2016-11-26,HHS Region 7,ili perc,3,2016-12-17,quantile,0.25,0.7722687404179983
2016-11-26,HHS Region 7,ili perc,3,2016-12-17,quantile,0.3,0.9184330144711795
2016-11-26,HHS Region 7,ili perc,3,2016-12-17,quantile,0.35000000000000003,1.0538759972127723
2016-11-26,HHS Region 7,ili perc,3,2016-12-17,quantile,0.4,1.182398142836383
2016-11-26,HHS Region 7,ili perc,3,2016-12-17,quantile,0.45,1.3067448061019005
2016-11-26,HHS Region 7,ili perc,3,2016-12-17,quantile,0.5,1.42912
2016-11-26,HHS Region 7,ili perc,3,2016-12-17,quantile,0.55,1.5514951938980994
2016-11-26,HHS Region 7,ili perc,3,2016-12-17,quantile,0.6000000000000001,1.675841857163617
2016-11-26,HHS Region 7,ili perc,3,2016-12-17,quantile,0.6500000000000001,1.804364002787228
2016-11-26,HHS Region 7,ili perc,3,2016-12-17,quantile,0.7000000000000001,1.9398069855288205
2016-11-26,HHS Region 7,ili perc,3,2016-12-17,quantile,0.7500000000000001,2.085971259582002
2016-11-26,HHS Region 7,ili perc,3,2016-12-17,quantile,0.8,2.248732110047063
2016-11-26,HHS Region 7,ili perc,3,2016-12-17,quantile,0.8500000000000001,2.438449759516624
2016-11-26,HHS Region 7,ili perc,3,2016-12-17,quantile,0.9000000000000001,2.677157883159144
2016-11-26,HHS Region 7,ili perc,3,2016-12-17,quantile,0.95,3.0309592812893102
2016-11-26,HHS Region 7,ili perc,3,2016-12-17,quantile,0.975,3.337829230357066
2016-11-26,HHS Region 7,ili perc,3,2016-12-17,quantile,0.99,3.69463186410974
2016-11-26,HHS Region 7,ili perc,4,2016-12-24,quantile,0.01,-1.1868677691920981
2016-11-26,HHS Region 7,ili perc,4,2016-12-24,quantile,0.025,-0.7748675759027512
2016-11-26,HHS Region 7,ili perc,4,2016-12-24,quantile,0.05,-0.4205246805018004
2016-11-26,HHS Region 7,ili perc,4,2016-12-24,quantile,0.1,-0.011990015601563797
2016-11-26,HHS Region 7,ili perc,4,2016-12-24,quantile,0.15000000000000002,0.26364638328395407
2016-11-26,HHS Region 7,ili perc,4,2016-12-24,quantile,0.2,0.48271345526650256
2016-11-26,HHS Region 7,ili perc,4,2016-12-24,quantile,0.25,0.6706534969255733
2016-11-26,HHS Region 7,ili perc,4,2016-12-24,quantile,0.3,0.8394294628665941
2016-11-26,HHS Region 7,ili perc,4,2016-12-24,quantile,0.35000000000000003,0.9958255479580027
2016-11-26,HHS Region 7,ili perc,4,2016-12-24,quantile,0.4,1.1442301387032427
2016-11-26,HHS Region 7,ili perc,4,2016-12-24,quantile,0.45,1.2878132977215992
2016-11-26,HHS Region 7,ili perc,4,2016-12-24,quantile,0.5,1.42912
2016-11-26,HHS Region 7,ili perc,4,2016-12-24,quantile,0.55,1.5704267022784009
2016-11-26,HHS Region 7,ili perc,4,2016-12-24,quantile,0.6000000000000001,1.7140098612967576
2016-11-26,HHS Region 7,ili perc,4,2016-12-24,quantile,0.6500000000000001,1.8624144520419976
2016-11-26,HHS Region 7,ili perc,4,2016-12-24,quantile,0.7000000000000001,2.018810537133406
2016-11-26,HHS Region 7,ili perc,4,2016-12-24,quantile,0.7500000000000001,2.187586503074427
2016-11-26,HHS Region 7,ili perc,4,2016-12-24,quantile,0.8,2.3755265447334977
2016-11-26,HHS Region 7,ili perc,4,2016-12-24,quantile,0.8500000000000001,2.5945936167160464
2016-11-26,HHS Region 7,ili perc,4,2016-12-24,quantile,0.9000000000000001,2.8702300156015643
2016-11-26,HHS Region 7,ili perc,4,2016-12-24,quantile,0.95,3.2787646805017996
2016-11-26,HHS Region 7,ili perc,4,2016-12-24,quantile,0.975,3.6331075759027507
2016-11-26,HHS Region 7,ili perc,4,2016-12-24,quantile,0.99,4.045107769192098
2016-11-26,HHS Region 8,ili perc,1,2016-12-03,quantile,0.01,-0.14920396061112468
2016-11-26,HHS Region 8,ili perc,1,2016-12-03,quantile,0.025,-0.0013015056198823775
2016-11-26,HHS Region 8,ili perc,1,2016-12-03,quantile,0.05,0.12590276513563992
2016-11-26,HHS Region 8,ili perc,1,2016-12-03,quantile,0.1,0.272561142660561
2016-11-26,HHS Region 8,ili perc,1,2016-12-03,quantile,0.15000000000000002,0.3715108537144163
2016-11-26,HHS Region 8,ili perc,1,2016-12-03,quantile,0.2,0.4501529472903464
2016-11-26,HHS Region 8,ili perc,1,2016-12-03,quantile,0.25,0.5176208611537054
2016-11-26,HHS Region 8,ili perc,1,2016-12-03,quantile,0.3,0.5782091329865399
2016-11-26,HHS Region 8,ili perc,1,2016-12-03,quantile,0.35000000000000003,0.6343531962971933
2016-11-26,HHS Region 8,ili perc,1,2016-12-03,quantile,0.4,0.6876284220390816
2016-11-26,HHS Region 8,ili perc,1,2016-12-03,quantile,0.45,0.7391728194935232
2016-11-26,HHS Region 8,ili perc,1,2016-12-03,quantile,0.5,0.7899
2016-11-26,HHS Region 8,ili perc,1,2016-12-03,quantile,0.55,0.8406271805064769
2016-11-26,HHS Region 8,ili perc,1,2016-12-03,quantile,0.6000000000000001,0.8921715779609186
2016-11-26,HHS Region 8,ili perc,1,2016-12-03,quantile,0.6500000000000001,0.945446803702807
2016-11-26,HHS Region 8,ili perc,1,2016-12-03,quantile,0.7000000000000001,1.0015908670134603
2016-11-26,HHS Region 8,ili perc,1,2016-12-03,quantile,0.7500000000000001,1.062179138846295
2016-11-26,HHS Region 8,ili perc,1,2016-12-03,quantile,0.8,1.1296470527096538
2016-11-26,HHS Region 8,ili perc,1,2016-12-03,quantile,0.8500000000000001,1.208289146285584
2016-11-26,HHS Region 8,ili perc,1,2016-12-03,quantile,0.9000000000000001,1.3072388573394393
2016-11-26,HHS Region 8,ili perc,1,2016-12-03,quantile,0.95,1.45389723486436
2016-11-26,HHS Region 8,ili perc,1,2016-12-03,quantile,0.975,1.5811015056198823
2016-11-26,HHS Region 8,ili perc,1,2016-12-03,quantile,0.99,1.7290039606111247
2016-11-26,HHS Region 8,ili perc,2,2016-12-10,quantile,0.01,-0.5381935575745412
2016-11-26,HHS Region 8,ili perc,2,2016-12-10,quantile,0.025,-0.3290278998176501
2016-11-26,HHS Region 8,ili perc,2,2016-12-10,quantile,0.05,-0.14913389492341125
2016-11-26,HHS Region 8,ili perc,2,2016-12-10,quantile,0.1,0.058272371607965626
2016-11-26,HHS Region 8,ili perc,2,2016-12-10,quantile,0.15000000000000002,0.19820839497322673
2016-11-26,HHS Region 8,ili perc,2,2016-12-10,quantile,0.2,0.30942511028172115
2016-11-26,HHS Region 8,ili perc,2,2016-12-10,quantile,0.25,0.4048391490923032
2016-11-26,HHS Region 8,ili perc,2,2016-12-10,quantile,0.3,0.4905239048390454
2016-11-26,HHS Region 8,ili perc,2,2016-12-10,quantile,0.35000000000000003,0.5699236006197052
2016-11-26,HHS Region 8,ili perc,2,2016-12-10,quantile,0.4,0.6452661474023719
2016-11-26,HHS Region 8,ili perc,2,2016-12-10,quantile,0.45,0.7181609333467924
2016-11-26,HHS Region 8,ili perc,2,2016-12-10,quantile,0.5,0.7899
2016-11-26,HHS Region 8,ili perc,2,2016-12-10,quantile,0.55,0.8616390666532077
2016-11-26,HHS Region 8,ili perc,2,2016-12-10,quantile,0.6000000000000001,0.9345338525976283
2016-11-26,HHS Region 8,ili perc,2,2016-12-10,quantile,0.6500000000000001,1.009876399380295
2016-11-26,HHS Region 8,ili perc,2,2016-12-10,quantile,0.7000000000000001,1.0892760951609548
2016-11-26,HHS Region 8,ili perc,2,2016-12-10,quantile,0.7500000000000001,1.174960850907697
2016-11-26,HHS Region 8,ili perc,2,2016-12-10,quantile,0.8,1.2703748897182792
2016-11-26,HHS Region 8,ili perc,2,2016-12-10,quantile,0.8500000000000001,1.3815916050267736
2016-11-26,HHS Region 8,ili perc,2,2016-12-10,quantile,0.9000000000000001,1.521527628392035
2016-11-26,HHS Region 8,ili perc,2,2016-12-10,quantile,0.95,1.728933894923411
2016-11-26,HHS Region 8,ili perc,2,2016-12-10,quantile,0.975,1.90882789981765
2016-11-26,HHS Region 8,ili perc,2,2016-12-10,quantile,0.99,2.1179935575745414
2016-11-26,HHS Region 8,ili perc,3,2016-12-17,quantile,0.01,-0.8366757733676298
2016-11-26,HHS Region 8,ili perc,3,2016-12-17,quantile,0.025,-0.5805012067586289
2016-11-26,HHS Region 8,ili perc,3,2016-12-17,quantile,0.05,-0.36017694687031643
2016-11-26,HHS Region 8,ili perc,3,2016-12-17,quantile,0.1,-0.10615718564153558
2016-11-26,HHS Region 8,ili perc,3,2016-12-17,quantile,0.15000000000000002,0.06522874129800156
2016-11-26,HHS Region 8,ili perc,3,2016-12-17,quantile,0.2,0.2014408429850985
2016-11-26,HHS Region 8,ili perc,3,2016-12-17,quantile,0.25,0.3182986976771169
2016-11-26,HHS Region 8,ili perc,3,2016-12-17,quantile,0.3,0.42324066283438044
2016-11-26,HHS Region 8,ili perc,3,2016-12-17,quantile,0.35000000000000003,0.5204850330317959
2016-11-26,HHS Region 8,ili perc,3,2016-12-17,quantile,0.4,0.6127604308014479
2016-11-26,HHS Region 8,ili perc,3,2016-12-17,quantile,0.45,0.7020379460380647
2016-11-26,HHS Region 8,ili perc,3,2016-12-17,quantile,0.5,0.7899
2016-11-26,HHS Region 8,ili perc,3,2016-12-17,quantile,0.55,0.8777620539619355
2016-11-26,HHS Region 8,ili perc,3,2016-12-17,quantile,0.6000000000000001,0.9670395691985524
2016-11-26,HHS Region 8,ili perc,3,2016-12-17,quantile,0.6500000000000001,1.0593149669682045
2016-11-26,HHS Region 8,ili perc,3,2016-12-17,quantile,0.7000000000000001,1.1565593371656198
2016-11-26,HHS Region 8,ili perc,3,2016-12-17,quantile,0.7500000000000001,1.2615013023228834
2016-11-26,HHS Region 8,ili perc,3,2016-12-17,quantile,0.8,1.3783591570149016
2016-11-26,HHS Region 8,ili perc,3,2016-12-17,quantile,0.8500000000000001,1.5145712587019988
2016-11-26,HHS Region 8,ili perc,3,2016-12-17,quantile,0.9000000000000001,1.685957185641536
2016-11-26,HHS Region 8,ili perc,3,2016-12-17,quantile,0.95,1.939976946870316
2016-11-26,HHS Region 8,ili perc,3,2016-12-17,quantile,0.975,2.160301206758629
2016-11-26,HHS Region 8,ili perc,3,2016-12-17,quantile,0.99,2.4164757733676296
2016-11-26,HHS Region 8,ili perc,4,2016-12-24,quantile,0.01,-1.0883079212222495
2016-11-26,HHS Region 8,ili perc,4,2016-12-24,quantile,0.025,-0.7925030112397649
2016-11-26,HHS Region 8,ili perc,4,2016-12-24,quantile,0.05,-0.5380944697287202
2016-11-26,HHS Region 8,ili perc,4,2016-12-24,quantile,0.1,-0.24477771467887804
2016-11-26,HHS Region 8,ili perc,4,2016-12-24,quantile,0.15000000000000002,-0.046878292571167456
2016-11-26,HHS Region 8,ili perc,4,2016-12-24,quantile,0.2,0.11040589458069276
2016-11-26,HHS Region 8,ili perc,4,2016-12-24,quantile,0.25,0.24534172230741072
2016-11-26,HHS Region 8,ili perc,4,2016-12-24,quantile,0.3,0.36651826597307957
2016-11-26,HHS Region 8,ili perc,4,2016-12-24,quantile,0.35000000000000003,0.4788063925943865
2016-11-26,HHS Region 8,ili perc,4,2016-12-24,quantile,0.4,0.5853568440781632
2016-11-26,HHS Region 8,ili perc,4,2016-12-24,quantile,0.45,0.6884456389870465
2016-11-26,HHS Region 8,ili perc,4,2016-12-24,quantile,0.5,0.7899
2016-11-26,HHS Region 8,ili perc,4,2016-12-24,quantile,0.55,0.8913543610129537
2016-11-26,HHS Region 8,ili perc,4,2016-12-24,quantile,0.6000000000000001,0.9944431559218371
2016-11-26,HHS Region 8,ili perc,4,2016-12-24,quantile,0.6500000000000001,1.100993607405614
2016-11-26,HHS Region 8,ili perc,4,2016-12-24,quantile,0.7000000000000001,1.2132817340269206
2016-11-26,HHS Region 8,ili perc,4,2016-12-24,quantile,0.7500000000000001,1.3344582776925895
2016-11-26,HHS Region 8,ili perc,4,2016-12-24,quantile,0.8,1.4693941054193076
2016-11-26,HHS Region 8,ili perc,4,2016-12-24,quantile,0.8500000000000001,1.6266782925711678
2016-11-26,HHS Region 8,ili perc,4,2016-12-24,quantile,0.9000000000000001,1.8245777146788786
2016-11-26,HHS Region 8,ili perc,4,2016-12-24,quantile,0.95,2.1178944697287196
2016-11-26,HHS Region 8,ili perc,4,2016-12-24,quantile,0.975,2.3723030112397647
2016-11-26,HHS Region 8,ili perc,4,2016-12-24,quantile,0.99,2.6681079212222496
2016-11-26,HHS Region 9,ili perc,1,2016-12-03,quantile,0.01,0.7732578443575137
2016-11-26,HHS Region 9,ili perc,1,2016-12-03,quantile,0.025,0.9636107227641828
2016-11-26,HHS Region 9,ili perc,1,2016-12-03,quantile,0.05,1.1273246995563106
2016-11-26,HHS Region 9,ili perc,1,2016-12-03,quantile,0.1,1.316076429917877
2016-11-26,HHS Region 9,ili perc,1,2016-12-03,quantile,0.15000000000000002,1.4434263262919762
2016-11-26,HHS Region 9,ili perc,1,2016-12-03,quantile,0.2,1.5446399868562404
2016-11-26,HHS Region 9,ili perc,1,2016-12-03,quantile,0.25,1.631472295385156
2016-11-26,HHS Region 9,ili perc,1,2016-12-03,quantile,0.3,1.7094503921094373
2016-11-26,HHS Region 9,ili perc,1,2016-12-03,quantile,0.35000000000000003,1.781708719783998
2016-11-26,HHS Region 9,ili perc,1,2016-12-03,quantile,0.4,1.8502748065898864
2016-11-26,HHS Region 9,ili perc,1,2016-12-03,quantile,0.45,1.9166132890834415
2016-11-26,HHS Region 9,ili perc,1,2016-12-03,quantile,0.5,1.9819
2016-11-26,HHS Region 9,ili perc,1,2016-12-03,quantile,0.55,2.0471867109165585
2016-11-26,HHS Region 9,ili perc,1,2016-12-03,quantile,0.6000000000000001,2.113525193410114
2016-11-26,HHS Region 9,ili perc,1,2016-12-03,quantile,0.6500000000000001,2.182091280216002
2016-11-26,HHS Region 9,ili perc,1,2016-12-03,quantile,0.7000000000000001,2.2543496078905627
2016-11-26,HHS Region 9,ili perc,1,2016-12-03,quantile,0.7500000000000001,2.332327704614844
2016-11-26,HHS Region 9,ili perc,1,2016-12-03,quantile,0.8,2.41916001314376
2016-11-26,HHS Region 9,ili perc,1,2016-12-03,quantile,0.8500000000000001,2.520373673708024
2016-11-26,HHS Region 9,ili perc,1,2016-12-03,quantile,0.9000000000000001,2.6477235700821233
2016-11-26,HHS Region 9,ili perc,1,2016-12-03,quantile,0.95,2.836475300443689
2016-11-26,HHS Region 9,ili perc,1,2016-12-03,quantile,0.975,3.0001892772358167
2016-11-26,HHS Region 9,ili perc,1,2016-12-03,quantile,0.99,3.1905421556424862
2016-11-26,HHS Region 9,ili perc,2,2016-12-10,quantile,0.01,0.2726218714345426
2016-11-26,HHS Region 9,ili perc,2,2016-12-10,quantile,0.025,0.5418214937140109
2016-11-26,HHS Region 9,ili perc,2,2016-12-10,quantile,0.05,0.7733480200434721
2016-11-26,HHS Region 9,ili perc,2,2016-12-10,quantile,0.1,1.040283277042189
2016-11-26,HHS Region 9,ili perc,2,2016-12-10,quantile,0.15000000000000002,1.2203832276612483
2016-11-26,HHS Region 9,ili perc,2,2016-12-10,quantile,0.2,1.3635209591286572
2016-11-26,HHS Region 9,ili perc,2,2016-12-10,quantile,0.25,1.4863203875024147
2016-11-26,HHS Region 9,ili perc,2,2016-12-10,quantile,0.3,1.5965980694579343
2016-11-26,HHS Region 9,ili perc,2,2016-12-10,quantile,0.35000000000000003,1.6987867764496971
2016-11-26,HHS Region 9,ili perc,2,2016-12-10,quantile,0.4,1.7957538663294355
2016-11-26,HHS Region 9,ili perc,2,2016-12-10,quantile,0.45,1.8895706479790715
2016-11-26,HHS Region 9,ili perc,2,2016-12-10,quantile,0.5,1.9819
2016-11-26,HHS Region 9,ili perc,2,2016-12-10,quantile,0.55,2.0742293520209287
2016-11-26,HHS Region 9,ili perc,2,2016-12-10,quantile,0.6000000000000001,2.1680461336705648
2016-11-26,HHS Region 9,ili perc,2,2016-12-10,quantile,0.6500000000000001,2.2650132235503033
2016-11-26,HHS Region 9,ili perc,2,2016-12-10,quantile,0.7000000000000001,2.3672019305420657
2016-11-26,HHS Region 9,ili perc,2,2016-12-10,quantile,0.7500000000000001,2.4774796124975857
2016-11-26,HHS Region 9,ili perc,2,2016-12-10,quantile,0.8,2.6002790408713428
2016-11-26,HHS Region 9,ili perc,2,2016-12-10,quantile,0.8500000000000001,2.743416772338752
2016-11-26,HHS Region 9,ili perc,2,2016-12-10,quantile,0.9000000000000001,2.9235167229578116
2016-11-26,HHS Region 9,ili perc,2,2016-12-10,quantile,0.95,3.1904519799565274
2016-11-26,HHS Region 9,ili perc,2,2016-12-10,quantile,0.975,3.421978506285989
2016-11-26,HHS Region 9,ili perc,2,2016-12-10,quantile,0.99,3.6911781285654572
2016-11-26,HHS Region 9,ili perc,3,2016-12-17,quantile,0.01,-0.11152962174235738
2016-11-26,HHS Region 9,ili perc,3,2016-12-17,quantile,0.025,0.2181712350249744
2016-11-26,HHS Region 9,ili perc,3,2016-12-17,quantile,0.05,0.5017321607380918
2016-11-26,HHS Region 9,ili perc,3,2016-12-17,quantile,0.1,0.828659747740866
2016-11-26,HHS Region 9,ili perc,3,2016-12-17,quantile,0.15000000000000002,1.0492362385994374
2016-11-26,HHS Region 9,ili perc,3,2016-12-17,quantile,0.2,1.224543441116773
2016-11-26,HHS Region 9,ili perc,3,2016-12-17,quantile,0.25,1.3749414112273513
2016-11-26,HHS Region 9,ili perc,3,2016-12-17,quantile,0.3,1.5100034366313266
2016-11-26,HHS Region 9,ili perc,3,2016-12-17,quantile,0.35000000000000003,1.635158531433626
2016-11-26,HHS Region 9,ili perc,3,2016-12-17,quantile,0.4,1.7539184774576029
2016-11-26,HHS Region 9,ili perc,3,2016-12-17,quantile,0.45,1.868820099633459
2016-11-26,HHS Region 9,ili perc,3,2016-12-17,quantile,0.5,1.9819
2016-11-26,HHS Region 9,ili perc,3,2016-12-17,quantile,0.55,2.0949799003665412
2016-11-26,HHS Region 9,ili perc,3,2016-12-17,quantile,0.6000000000000001,2.209881522542397
2016-11-26,HHS Region 9,ili perc,3,2016-12-17,quantile,0.6500000000000001,2.3286414685663743
2016-11-26,HHS Region 9,ili perc,3,2016-12-17,quantile,0.7000000000000001,2.4537965633686736
2016-11-26,HHS Region 9,ili perc,3,2016-12-17,quantile,0.7500000000000001,2.588858588772649
2016-11-26,HHS Region 9,ili perc,3,2016-12-17,quantile,0.8,2.7392565588832274
2016-11-26,HHS Region 9,ili perc,3,2016-12-17,quantile,0.8500000000000001,2.914563761400563
2016-11-26,HHS Region 9,ili perc,3,2016-12-17,quantile,0.9000000000000001,3.1351402522591347
2016-11-26,HHS Region 9,ili perc,3,2016-12-17,quantile,0.95,3.4620678392619078
2016-11-26,HHS Region 9,ili perc,3,2016-12-17,quantile,0.975,3.745628764975025
2016-11-26,HHS Region 9,ili perc,3,2016-12-17,quantile,0.99,4.075329621742357
2016-11-26,HHS Region 9,ili perc,4,2016-12-24,quantile,0.01,-0.4353843112849728
2016-11-26,HHS Region 9,ili perc,4,2016-12-24,quantile,0.025,-0.054678554471634284
2016-11-26,HHS Region 9,ili perc,4,2016-12-24,quantile,0.05,0.2727493991126213
2016-11-26,HHS Region 9,ili perc,4,2016-12-24,quantile,0.1,0.6502528598357543
2016-11-26,HHS Region 9,ili perc,4,2016-12-24,quantile,0.15000000000000002,0.9049526525839526
2016-11-26,HHS Region 9,ili perc,4,2016-12-24,quantile,0.2,1.1073799737124805
2016-11-26,HHS Region 9,ili perc,4,2016-12-24,quantile,0.25,1.2810445907703119
2016-11-26,HHS Region 9,ili perc,4,2016-12-24,quantile,0.3,1.4370007842188743
2016-11-26,HHS Region 9,ili perc,4,2016-12-24,quantile,0.35000000000000003,1.5815174395679958
2016-11-26,HHS Region 9,ili perc,4,2016-12-24,quantile,0.4,1.7186496131797726
2016-11-26,HHS Region 9,ili perc,4,2016-12-24,quantile,0.45,1.851326578166883
2016-11-26,HHS Region 9,ili perc,4,2016-12-24,quantile,0.5,1.9819
2016-11-26,HHS Region 9,ili perc,4,2016-12-24,quantile,0.55,2.112473421833117
2016-11-26,HHS Region 9,ili perc,4,2016-12-24,quantile,0.6000000000000001,2.2451503868202276
2016-11-26,HHS Region 9,ili perc,4,2016-12-24,quantile,0.6500000000000001,2.382282560432005
2016-11-26,HHS Region 9,ili perc,4,2016-12-24,quantile,0.7000000000000001,2.526799215781126
2016-11-26,HHS Region 9,ili perc,4,2016-12-24,quantile,0.7500000000000001,2.6827554092296886
2016-11-26,HHS Region 9,ili perc,4,2016-12-24,quantile,0.8,2.8564200262875197
2016-11-26,HHS Region 9,ili perc,4,2016-12-24,quantile,0.8500000000000001,3.058847347416048
2016-11-26,HHS Region 9,ili perc,4,2016-12-24,quantile,0.9000000000000001,3.3135471401642462
2016-11-26,HHS Region 9,ili perc,4,2016-12-24,quantile,0.95,3.691050600887378
2016-11-26,HHS Region 9,ili perc,4,2016-12-24,quantile,0.975,4.018478554471634
2016-11-26,HHS Region 9,ili perc,4,2016-12-24,quantile,0.99,4.399184311284973
2016-11-26,US National,ili perc,1,2016-12-03,quantile,0.01,1.1089299431568296
2016-11-26,US National,ili perc,1,2016-12-03,quantile,0.025,1.235401688374017
2016-11-26,US National,ili perc,1,2016-12-03,quantile,0.05,1.344174366437293
2016-11-26,US National,ili perc,1,2016-12-03,quantile,0.1,1.4695822980189301
2016-11-26,US National,ili perc,1,2016-12-03,quantile,0.15000000000000002,1.5541944340815703
2016-11-26,US National,ili perc,1,2016-12-03,quantile,0.2,1.6214414775648591
2016-11-26,US National,ili perc,1,2016-12-03,quantile,0.25,1.6791334530832311
2016-11-26,US National,ili perc,1,2016-12-03,quantile,0.3,1.7309426301441913
2016-11-26,US National,ili perc,1,2016-12-03,quantile,0.35000000000000003,1.7789515538020375
2016-11-26,US National,ili perc,1,2016-12-03,quantile,0.4,1.824507327550453
2016-11-26,US National,ili perc,1,2016-12-03,quantile,0.45,1.8685830658647196
2016-11-26,US National,ili perc,1,2016-12-03,quantile,0.5,1.91196
2016-11-26,US National,ili perc,1,2016-12-03,quantile,0.55,1.9553369341352806
2016-11-26,US National,ili perc,1,2016-12-03,quantile,0.6000000000000001,1.9994126724495473
2016-11-26,US National,ili perc,1,2016-12-03,quantile,0.6500000000000001,2.044968446197963
2016-11-26,US National,ili perc,1,2016-12-03,quantile,0.7000000000000001,2.092977369855809
2016-11-26,US National,ili perc,1,2016-12-03,quantile,0.7500000000000001,2.144786546916769
2016-11-26,US National,ili perc,1,2016-12-03,quantile,0.8,2.202478522435141
2016-11-26,US National,ili perc,1,2016-12-03,quantile,0.8500000000000001,2.26972556591843
2016-11-26,US National,ili perc,1,2016-12-03,quantile,0.9000000000000001,2.3543377019810703
2016-11-26,US National,ili perc,1,2016-12-03,quantile,0.95,2.479745633562707
2016-11-26,US National,ili perc,1,2016-12-03,quantile,0.975,2.588518311625983
2016-11-26,US National,ili perc,1,2016-12-03,quantile,0.99,2.7149900568431704
2016-11-26,US National,ili perc,2,2016-12-10,quantile,0.01,0.7763040026191509
2016-11-26,US National,ili perc,2,2016-12-10,quantile,0.025,0.955162059962292
2016-11-26,US National,ili perc,2,2016-12-10,quantile,0.05,1.1089898564950191
2016-11-26,US National,ili perc,2,2016-12-10,quantile,0.1,1.2863434541669276
2016-11-26,US National,ili perc,2,2016-12-10,quantile,0.15000000000000002,1.406003084528071
2016-11-26,US National,ili perc,2,2016-12-10,quantile,0.2,1.5011047654516314
2016-11-26,US National,ili perc,2,2016-12-10,quantile,0.25,1.5826935396698099
2016-11-26,US National,ili perc,2,2016-12-10,quantile,0.3,1.6559627805248085
2016-11-26,US National,ili perc,2,2016-12-10,quantile,0.35000000000000003,1.7238576514766693
2016-11-26,US National,ili perc,2,2016-12-10,quantile,0.4,1.7882832445560788
2016-11-26,US National,ili perc,2,2016-12-10,quantile,0.45,1.8506157514517219
2016-11-26,US National,ili perc,2,2016-12-10,quantile,0.5,1.91196
2016-11-26,US National,ili perc,2,2016-12-10,quantile,0.55,1.9733042485482784
2016-11-26,US National,ili perc,2,2016-12-10,quantile,0.6000000000000001,2.035636755443922
2016-11-26,US National,ili perc,2,2016-12-10,quantile,0.6500000000000001,2.1000623485233314
2016-11-26,US National,ili perc,2,2016-12-10,quantile,0.7000000000000001,2.1679572194751917
2016-11-26,US National,ili perc,2,2016-12-10,quantile,0.7500000000000001,2.2412264603301906
2016-11-26,US National,ili perc,2,2016-12-10,quantile,0.8,2.322815234548369
2016-11-26,US National,ili perc,2,2016-12-10,quantile,0.8500000000000001,2.4179169154719293
2016-11-26,US National,ili perc,2,2016-12-10,quantile,0.9000000000000001,2.537576545833073
2016-11-26,US National,ili perc,2,2016-12-10,quantile,0.95,2.7149301435049806
2016-11-26,US National,ili perc,2,2016-12-10,quantile,0.975,2.868757940037708
2016-11-26,US National,ili perc,2,2016-12-10,quantile,0.99,3.0476159973808494
2016-11-26,US National,ili perc,3,2016-12-17,quantile,0.01,0.5210711415427052
2016-11-26,US National,ili perc,3,2016-12-17,quantile,0.025,0.7401266299807799
2016-11-26,US National,ili perc,3,2016-12-17,quantile,0.05,0.9285264348617064
2016-11-26,US National,ili perc,3,2016-12-17,quantile,0.1,1.1457393440332237
2016-11-26,US National,ili perc,3,2016-12-17,quantile,0.15000000000000002,1.2922918626306472
2016-11-26,US National,ili perc,3,2016-12-17,quantile,0.2,1.4087671586024972
2016-11-26,US National,ili perc,3,2016-12-17,quantile,0.25,1.5086925913893374
2016-11-26,US National,ili perc,3,2016-12-17,quantile,0.3,1.598428718357252
2016-11-26,US National,ili perc,3,2016-12-17,quantile,0.35000000000000003,1.6815826133493375
2016-11-26,US National,ili perc,3,2016-12-17,quantile,0.4,1.7604875280597057
2016-11-26,US National,ili perc,3,2016-12-17,quantile,0.45,1.8368289462011254
2016-11-26,US National,ili perc,3,2016-12-17,quantile,0.5,1.91196
2016-11-26,US National,ili perc,3,2016-12-17,quantile,0.55,1.9870910537988749
2016-11-26,US National,ili perc,3,2016-12-17,quantile,0.6000000000000001,2.063432471940295
2016-11-26,US National,ili perc,3,2016-12-17,quantile,0.6500000000000001,2.142337386650663
2016-11-26,US National,ili perc,3,2016-12-17,quantile,0.7000000000000001,2.225491281642748
2016-11-26,US National,ili perc,3,2016-12-17,quantile,0.7500000000000001,2.315227408610663
2016-11-26,US National,ili perc,3,2016-12-17,quantile,0.8,2.415152841397503
2016-11-26,US National,ili perc,3,2016-12-17,quantile,0.8500000000000001,2.531628137369353
2016-11-26,US National,ili perc,3,2016-12-17,quantile,0.9000000000000001,2.6781806559667767
2016-11-26,US National,ili perc,3,2016-12-17,quantile,0.95,2.8953935651382934
2016-11-26,US National,ili perc,3,2016-12-17,quantile,0.975,3.08379337001922
2016-11-26,US National,ili perc,3,2016-12-17,quantile,0.99,3.302848858457295
2016-11-26,US National,ili perc,4,2016-12-24,quantile,0.01,0.3058998863136591
2016-11-26,US National,ili perc,4,2016-12-24,quantile,0.025,0.558843376748034
2016-11-26,US National,ili perc,4,2016-12-24,quantile,0.05,0.7763887328745855
2016-11-26,US National,ili perc,4,2016-12-24,quantile,0.1,1.0272045960378602
2016-11-26,US National,ili perc,4,2016-12-24,quantile,0.15000000000000002,1.1964288681631403
2016-11-26,US National,ili perc,4,2016-12-24,quantile,0.2,1.3309229551297181
2016-11-26,US National,ili perc,4,2016-12-24,quantile,0.25,1.4463069061664624
2016-11-26,US National,ili perc,4,2016-12-24,quantile,0.3,1.5499252602883822
2016-11-26,US National,ili perc,4,2016-12-24,quantile,0.35000000000000003,1.645943107604075
2016-11-26,US National,ili perc,4,2016-12-24,quantile,0.4,1.7370546551009058
2016-11-26,US National,ili perc,4,2016-12-24,quantile,0.45,1.825206131729439
2016-11-26,US National,ili perc,4,2016-12-24,quantile,0.5,1.91196
2016-11-26,US National,ili perc,4,2016-12-24,quantile,0.55,1.9987138682705612
2016-11-26,US National,ili perc,4,2016-12-24,quantile,0.6000000000000001,2.0868653448990946
2016-11-26,US National,ili perc,4,2016-12-24,quantile,0.6500000000000001,2.1779768923959257
2016-11-26,US National,ili perc,4,2016-12-24,quantile,0.7000000000000001,2.2739947397116183
2016-11-26,US National,ili perc,4,2016-12-24,quantile,0.7500000000000001,2.377613093833538
2016-11-26,US National,ili perc,4,2016-12-24,quantile,0.8,2.492997044870282
2016-11-26,US National,ili perc,4,2016-12-24,quantile,0.8500000000000001,2.62749113183686
2016-11-26,US National,ili perc,4,2016-12-24,quantile,0.9000000000000001,2.7967154039621405
2016-11-26,US National,ili perc,4,2016-12-24,quantile,0.95,3.047531267125414
2016-11-26,US National,ili perc,4,2016-12-24,quantile,0.975,3.265076623251966
2016-11-26,US National,ili perc,4,2016-12-24,quantile,0.99,3.518020113686341
